file,class,source,license,creator,page
bua/001ce36bd121f084.jpg,bua,wikimedia-commons,CC BY 2.0,"<a rel=""nofollow"" class=""external text"" href=""https://www.flickr.com/people/7467877@N07"">James Case</a> from Philadelphi",https://commons.wikimedia.org/wiki/File:Buck_Knives_Hammer_(5075278861).jpg
bua/033c02a538679e06.jpg,bua,openimages,CC BY 2.0,,
bua/047661a3666179a2.jpg,bua,wikimedia-commons,CC BY-SA 2.0 ca,"<a href=""//commons.wikimedia.org/wiki/User:Luigizanasi"" title=""User:Luigizanasi"">Luigi Zanasi</a>",https://commons.wikimedia.org/wiki/File:Framing_hammer.jpg
bua/0516d80b3f00bc80.jpg,bua,wikimedia-commons,CC BY-SA 4.0,"<a href=""//commons.wikimedia.org/wiki/User:Unuaiga"" title=""User:Unuaiga"">Unuaiga</a>",https://commons.wikimedia.org/wiki/File:T%C3%AAtu_dans_le_mus%C3%A9e_des_Ch%C3%A2teaux_de_Bruniquel.jpg
bua/05d4e84b8964e2a7.jpg,bua,openverse:wikimedia,by-sa 4.0,Santeri Viinamäki,https://commons.wikimedia.org/w/index.php?curid=51380425
bua/08a6e5c405962891.jpg,bua,wikimedia-commons,CC BY 2.0,"<a rel=""nofollow"" class=""external text"" href=""https://www.flickr.com/people/83136374@N05"">Ajay Suresh</a> from New York,",https://commons.wikimedia.org/wiki/File:Hammer_Time_(49790892297).jpg
bua/0dc9326d62d7c9f7.jpg,bua,openimages,CC BY 2.0,,
bua/0e62608229623798.jpg,bua,openimages,CC BY 2.0,,
bua/12e58c7b7a21a7e4.jpg,bua,openverse:rawpixel,cc0 1.0,,https://www.rawpixel.com/image/5970250/hammer-tools
bua/13a67ac830db064b.jpg,bua,openimages,CC BY 2.0,,
bua/184e0f42373418c0.jpg,bua,wikimedia-commons,CC BY 4.0,"<a href=""https://en.wikipedia.org/wiki/National_Museum_of_Science_and_Technology_(Sweden)"" class=""extiw"" title=""w:Nation",https://commons.wikimedia.org/wiki/File:Kulhammare_-_TEKS0050273.jpg
bua/1a205fe6b486048e.jpg,bua,openverse:flickr,by 2.0,Homedust,https://www.flickr.com/photos/159630537@N08/28918563378
bua/2389686eca332819.jpg,bua,openimages,CC BY 2.0,,
bua/28d57a805b533409.jpg,bua,openimages,CC BY 2.0,,
bua/2ae6c9ac8d38b7d2.jpg,bua,wikimedia-commons,CC BY 2.0,"<a rel=""nofollow"" class=""external text"" href=""https://www.flickr.com/people/11299999@N06"">DzyMsLizzy</a>",https://commons.wikimedia.org/wiki/File:Hammer_(27344603008).jpg
bua/2b4c96f7731572f9.jpg,bua,wikimedia-commons,CC BY-SA 4.0,"<a href=""//commons.wikimedia.org/wiki/User:MHM55"" title=""User:MHM55"">MHM55</a>",https://commons.wikimedia.org/wiki/File:MarteauPanneRonde-1.jpg
bua/31ff67c7f885fde8.jpg,bua,wikimedia-commons,CC0,,https://commons.wikimedia.org/wiki/File:Armorer%27s_Hammer_MET_12.230.2_001feb2014.jpg
bua/3219638c60305d34.jpg,bua,wikimedia-commons,CC BY-SA 4.0,"<a href=""//commons.wikimedia.org/w/index.php?title=User:12akd&amp;action=edit&amp;redlink=1"" class=""new"" title=""User:12a",https://commons.wikimedia.org/wiki/File:Tools99.jpg
bua/323b299eb8034733.jpg,bua,openverse:flickr,by 2.0,el cajon yacht club,https://www.flickr.com/photos/60944636@N00/9530113595
bua/34963e9854bbcd2a.jpg,bua,wikimedia-commons,CC BY-SA 3.0,"<a href=""//commons.wikimedia.org/wiki/User:Mauro_Cateb"" title=""User:Mauro Cateb"">Mauro Cateb</a>",https://commons.wikimedia.org/wiki/File:Jewellery_hammers_(1).jpg
kim/379cb397e6ccd02f.jpg,kim,openverse:flickr,by-nc-sa 2.0,Perzec,https://www.flickr.com/photos/35311095@N00/16753822901
bua/37aa8dede8c63ad3.jpg,bua,openverse:flickr,by-nc-sa 2.0,nicoletbn,https://www.flickr.com/photos/40524562@N00/6949293600
bua/37fd04c616a14691.jpg,bua,wikimedia-commons,CC BY-SA 4.0,"<a href=""//commons.wikimedia.org/w/index.php?title=User:Denzel-llc&amp;action=edit&amp;redlink=1"" class=""new"" title=""Use",https://commons.wikimedia.org/wiki/File:Denzel_hammer.jpg
bua/38ca6b7056b2bacf.jpg,bua,openimages,CC BY 2.0,,
bua/3a0a5612418e39e4.jpg,bua,openverse:sciencemuseum,by-nc-sa 4.0,Steeper,https://collection.sciencemuseumgroup.org.uk/objects/co479606/claw-hammer-with-early-type-steeper-adaptor
bua/3b25ca6a64c2497c.jpg,bua,openverse:flickr,by-sa 2.0,tmib_seattle,https://www.flickr.com/photos/80897858@N00/2540229992
bua/3d1a7f294d467efb.jpg,bua,openimages,CC BY 2.0,,
bua/3f09b118cc8693a3.jpg,bua,wikimedia-commons,CC BY-SA 3.0,"The original uploader was <a href=""https://en.wikipedia.org/wiki/hr:User:Andrej_%C5%A0alov"" class=""extiw"" title=""w:hr:Us",https://commons.wikimedia.org/wiki/File:Cekic.jpg
bua/3fee8b7bcf5d1d2a.jpg,bua,openimages,CC BY 2.0,,
bua/3ff48603a89df3ad.jpg,bua,wikimedia-commons,CC BY-SA 3.0,Museum Rotterdam,"https://commons.wikimedia.org/wiki/File:Smeedhamer_aan_korte_steel,_objectnr_46179.JPG"
bua/415d594fa73465da.jpg,bua,wikimedia-commons,Public domain,Seaman Ryan McFarlane,https://commons.wikimedia.org/wiki/File:Sarah_Atiyyat_hand_tattoos_and_hammer.jpg
bua/4324df0f12da2f31.jpg,bua,wikimedia-commons,CC BY-SA 3.0,"<a href=""//commons.wikimedia.org/w/index.php?title=User:Kszapsza&amp;action=edit&amp;redlink=1"" class=""new"" title=""User:",https://commons.wikimedia.org/wiki/File:Carpenter%27s_hammer.JPG
bua/432890b3ea68b494.jpg,bua,wikimedia-commons,CC0,,https://commons.wikimedia.org/wiki/File:Armorer%27s_Hammer_MET_12.230.2_002feb2014.jpg
bua/438a9263eafd38f6.jpg,bua,wikimedia-commons,CC BY 2.0,"<a rel=""nofollow"" class=""external text"" href=""https://www.flickr.com/people/188454520@N02"">Tool Dude8mm</a>",https://commons.wikimedia.org/wiki/File:Hammer_Tool_Home_Fix_Wooden_Edited_2020_(49913161228).jpg
bua/48f8b20a5ae1f62a.jpg,bua,openverse:flickr,by-nc-sa 2.0,whiteforge,https://www.flickr.com/photos/33975828@N03/6702848573
bua/49a9b819473fc735.jpg,bua,openverse:flickr,by 2.0,el cajon yacht club,https://www.flickr.com/photos/60944636@N00/9532892854
bua/4a9ec387c51a25ee.jpg,bua,wikimedia-commons,CC BY 3.0,So Leblanc,https://commons.wikimedia.org/wiki/File:Une_massette.JPG
bua/4b27a997eb5bfe89.jpg,bua,openimages,CC BY 2.0,,
bua/4b2ccea4e24f7837.jpg,bua,openimages,CC BY 2.0,,
bua/4d9b42df4c292e95.jpg,bua,openverse:flickr,by-nc-nd 2.0,liz.hamilton,https://www.flickr.com/photos/42946817@N00/9328119614
bua/4e27507919f39ddf.jpg,bua,wikimedia-commons,CC BY-SA 2.0,"Originally uploaded to en.wikipedia by <a href=""https://en.wikipedia.org/wiki/User:Slowking_Man"" class=""extiw"" title=""w:",https://commons.wikimedia.org/wiki/File:Post_maul_-_20040819.jpg
bua/559b525912b7dc32.jpg,bua,openverse:flickr,by 2.0,monkeywing,https://www.flickr.com/photos/9887585@N08/19684781856
bua/56528ebee0f70951.jpg,bua,openverse:flickr,by 2.0,chimpwithcan,https://www.flickr.com/photos/188454520@N02/49917458676
bua/5b4ce1a270d45d92.jpg,bua,openimages,CC BY 2.0,,
bua/5dd3fd4dea665f3b.jpg,bua,openimages,CC BY 2.0,,
bua/62c0c000b1ce3432.jpg,bua,wikimedia-commons,CC BY-SA 3.0,"<a href=""//commons.wikimedia.org/wiki/User:Fotokannan"" title=""User:Fotokannan"">Fotokannan</a>",https://commons.wikimedia.org/wiki/File:Hammer_2.jpg
bua/636bbeea39c28981.jpg,bua,wikimedia-commons,Public domain,Zorro,https://commons.wikimedia.org/wiki/File:Ingenieurhammer.jpg
bua/63f59aec9cd37589.jpg,bua,wikimedia-commons,CC BY-SA 2.0,"<a rel=""nofollow"" class=""external text"" href=""https://www.flickr.com/people/14939682@N02"">Abraham Williams</a>",https://commons.wikimedia.org/wiki/File:Pink_hammer_(4393800948).jpg
bua/63f7d0b61ad30299.jpg,bua,openimages,CC BY 2.0,,
bua/6662d58dbd4c7ff0.jpg,bua,wikimedia-commons,CC BY-SA 4.0,"<a href=""//commons.wikimedia.org/wiki/User:W.carter"" title=""User:W.carter"">W.carter</a>","https://commons.wikimedia.org/wiki/File:Making_a_silver_chain,_12_(25).jpg"
bua/69bf32382e4a349a.jpg,bua,wikimedia-commons,CC0,Grieslightnin,https://commons.wikimedia.org/wiki/File:Hammer-1629587.jpg
bua/6a4d056ffcf37092.jpg,bua,openverse:flickr,by 2.0,Dusty J,https://www.flickr.com/photos/55608722@N06/6310364447
bua/6a61a1ff136443af.jpg,bua,wikimedia-commons,CC BY-SA 2.5,Michael Hablitzel,https://commons.wikimedia.org/wiki/File:Latthammer-Typ-Nr.-298-Picard-Wuppertal.jpg
bua/6ade501725af20f2.jpg,bua,openimages,CC BY 2.0,,
bua/6b1ba7f61ea76547.jpg,bua,wikimedia-commons,CC BY-SA 4.0,"<a href=""//commons.wikimedia.org/w/index.php?title=User:Jackwang2020&amp;action=edit&amp;redlink=1"" class=""new"" title=""U",https://commons.wikimedia.org/wiki/File:Coconut_Hammer.jpg
bua/6be77d638067079b.jpg,bua,openverse:stocksnap,cc0 1.0,Design by Matt,https://stocksnap.io/photo/hammer-tool-XQWS5SOONG
bua/6cfd323b2452a34d.jpg,bua,openimages,CC BY 2.0,,
bua/6dccdba91b283467.jpg,bua,openimages,CC BY 2.0,,
bua/7039772a5365c2f2.jpg,bua,wikimedia-commons,CC BY-SA 4.0,"<a href=""//commons.wikimedia.org/wiki/User:Zunter"" title=""User:Zunter"">Santeri Viinamäki</a>",https://commons.wikimedia.org/wiki/File:Magnum_25116_claw_hammer.jpg
bua/7080cc9d4390e906.jpg,bua,wikimedia-commons,CC BY-SA 3.0,"<a href=""//commons.wikimedia.org/w/index.php?title=User:B_Askholm&amp;action=edit&amp;redlink=1"" class=""new"" title=""User",https://commons.wikimedia.org/wiki/File:8907-03-02_mukkert.jpg
bua/708d49cb849949ba.jpg,bua,openimages,CC BY 2.0,,
bua/7294886e3831fe2b.jpg,bua,wikimedia-commons,CC BY-SA 4.0,"<a href=""//commons.wikimedia.org/wiki/User:Mauret"" title=""User:Mauret"">Mauret</a>",https://commons.wikimedia.org/wiki/File:Martillo_de_bola.JPG
bua/735a985a907863fd.jpg,bua,wikimedia-commons,Public domain,Zorro_43,https://commons.wikimedia.org/wiki/File:Kugelhammer_375.jpg
bua/75e6f68cc12bf211.jpg,bua,openverse:flickr,by 2.0,tiffa130,https://www.flickr.com/photos/23682502@N04/2930716596
bua/7879efccdc748d71.jpg,bua,openimages,CC BY 2.0,,
bua/789f6de2ed50a3db.jpg,bua,wikimedia-commons,CC BY-SA 4.0,"<a href=""//commons.wikimedia.org/w/index.php?title=User:%D8%A7%DB%8C%D8%B1%D8%A7%D9%86_%D9%BE%D8%AA%DA%A9&amp;action=edi",https://commons.wikimedia.org/wiki/File:%DA%86%DA%A9%D8%B4_%D9%85%DB%8C%D8%AE_%DA%A9%D8%B4.JPG
bua/79796d6f0f966178.jpg,bua,wikimedia-commons,CC BY-SA 4.0,"<a href=""//commons.wikimedia.org/wiki/User:Frettie"" title=""User:Frettie"">Jiří Sedláček</a>",https://commons.wikimedia.org/wiki/File:IKEA_hammer.jpg
bua/7a234526183c1d05.jpg,bua,openverse:flickr,by 2.0,chimpwithcan,https://www.flickr.com/photos/188454520@N02/49931423673
bua/7a84ee8e76133f16.jpg,bua,openimages,CC BY 2.0,,
bua/7ae5faa823eda8b9.jpg,bua,openverse:stocksnap,cc0 1.0,Krzysztof%20Puszczy%u0144ski,https://stocksnap.io/photo/hammer-nails-W7UIS5PM9I
bua/7afb8466e338c851.jpg,bua,wikimedia-commons,CC BY-SA 4.0,"<a href=""//commons.wikimedia.org/w/index.php?title=User:Bostonsphotos&amp;action=edit&amp;redlink=1"" class=""new"" title=""",https://commons.wikimedia.org/wiki/File:Hammer_HDR.jpg
bua/7c8c24ac8295b943.jpg,bua,openimages,CC BY 2.0,,
bua/7cb5bc7178df771d.jpg,bua,openverse:flickr,by-nc-nd 2.0,sirwiseowl,https://www.flickr.com/photos/36682523@N00/10716727544
bua/7db12588202cfdf5.jpg,bua,openverse:stocksnap,cc0 1.0,Patryk Dziejma,https://stocksnap.io/photo/hammer-nails-POQ7B631M3
bua/7e0f64d076a97ce4.jpg,bua,openverse:flickr,cc0 1.0,CapCase,https://www.flickr.com/photos/7467877@N07/5075278861
bua/7e50c4dd21f1c232.jpg,bua,openverse:flickr,by 2.0,Updullah,https://www.flickr.com/photos/47145556@N08/11704600745
bua/80f64c0aeb2cff34.jpg,bua,openimages,CC BY 2.0,,
bua/81c03cc66acd5067.jpg,bua,openverse:flickr,by 2.0,eye of einstein,https://www.flickr.com/photos/35188692@N00/2250782611
bua/820d42e8ae91154a.jpg,bua,openverse:flickr,by 2.0,stebulus,https://www.flickr.com/photos/69017177@N00/231058538
bua/82dfe670f3ed4fbb.jpg,bua,openverse:flickr,by 2.0,Josep Ma. Rosell,https://www.flickr.com/photos/10488545@N05/1349958727
bua/830fcd30f85d1c59.jpg,bua,openimages,CC BY 2.0,,
bua/8322123bc7dca6fd.jpg,bua,wikimedia-commons,CC BY-SA 2.0,"<a rel=""nofollow"" class=""external text"" href=""https://www.flickr.com/people/116745893@N02"">Connie Posites</a>",https://commons.wikimedia.org/wiki/File:Hammer_ball_peen_(12640076755).jpg
bua/886a6d34b6e152ea.jpg,bua,openimages,CC BY 2.0,,
bua/892c014de32fe2b3.jpg,bua,openimages,CC BY 2.0,,
bua/89dce3722d892ff1.jpg,bua,wikimedia-commons,CC BY-SA 3.0,,https://commons.wikimedia.org/wiki/File:Hammer2.jpg
bua/8a10cd33c2f6ee45.jpg,bua,openimages,CC BY 2.0,,
bua/8c8fdc51bb34ecb9.jpg,bua,wikimedia-commons,CC BY 3.0,Mig,https://commons.wikimedia.org/wiki/File:L%C3%A6gtehammer.JPG
bua/8da7d48ccd83dd67.jpg,bua,openimages,CC BY 2.0,,
bua/8daa89c5eab254bc.jpg,bua,openimages,CC BY 2.0,,
bua/8e7f65bb1287b37c.jpg,bua,openimages,CC BY 2.0,,
bua/8ff14d4dc10c9a93.jpg,bua,openimages,CC BY 2.0,,
bua/94c7954ee8d98a80.jpg,bua,wikimedia-commons,CC BY 2.0,"<a rel=""nofollow"" class=""external text"" href=""https://www.flickr.com/people/26849254@N00"">Rodrigo Paredes</a> from Rio d",https://commons.wikimedia.org/wiki/File:Mallory_(1562068992).jpg
cua_tay/95a6e9b5c9ddee4c.jpg,cua_tay,openimages,CC BY 2.0,,
bua/9a6b4fdfa0a692f8.jpg,bua,openimages,CC BY 2.0,,
bua/9d2191b621267e82.jpg,bua,wikimedia-commons,CC BY-SA 3.0,"<a href=""https://en.wikipedia.org/wiki/User:Shakespeare"" class=""extiw"" title=""en:User:Shakespeare"">Shakespeare</a> at <a",https://commons.wikimedia.org/wiki/File:Claw_hammer-1.jpg
bua/9f3bec90923fa9b2.jpg,bua,wikimedia-commons,CC BY 3.0,"<a href=""//commons.wikimedia.org/wiki/User:Daniel_Souza"" title=""User:Daniel Souza"">Daniel Souza</a>",https://commons.wikimedia.org/wiki/File:Cabe%C3%A7a_de_martelo.jpg
bua/a6748b1d7c443376.jpg,bua,openimages,CC BY 2.0,,
giua/a7dd49df9ce78c39.jpg,giua,openverse:smithsonian_african_american_history_museum,cc0 1.0,Unidentified,https://nmaahc.si.edu/object/nmaahc_2013.195.5
bua/ac59d3fd0b866d7e.jpg,bua,openverse:flickr,by 2.0,chimpwithcan,https://www.flickr.com/photos/188454520@N02/49927435996
bua/aca0dfdf0b8a68e4.jpg,bua,openimages,CC BY 2.0,,
bua/acc40ae81f094a99.jpg,bua,wikimedia-commons,CC BY-SA 3.0,"<a href=""https://de.wikipedia.org/wiki/User:Bj%C3%B6rn_Bornh%C3%B6ft"" class=""extiw"" title=""de:User:Björn Bornhöft"">Björn",https://commons.wikimedia.org/wiki/File:F%C3%A4ustel.jpg
bua/af25521cb2176adb.jpg,bua,openverse:smithsonian_african_american_history_museum,cc0 1.0,Unidentified,https://nmaahc.si.edu/object/nmaahc_2013.195.5
bua/af348ccbb042672b.jpg,bua,wikimedia-commons,CC BY-SA 3.0,"<a href=""https://en.wikipedia.org/wiki/User:Shakespeare"" class=""extiw"" title=""wikipedia:User:Shakespeare"">Shakespeare</a",https://commons.wikimedia.org/wiki/File:Hammer-1.jpg
bua/b31bfe617ac5f12f.jpg,bua,wikimedia-commons,CC BY-SA 4.0,"<a href=""//commons.wikimedia.org/wiki/User:MHM55"" title=""User:MHM55"">MHM55</a>",https://commons.wikimedia.org/wiki/File:MarteauPanneRonde-3.jpg
bua/b5594ca5afe246e4.jpg,bua,wikimedia-commons,Attribution,"<a href=""//commons.wikimedia.org/wiki/User:G.dallorto"" title=""User:G.dallorto"">G.dallorto</a>","https://commons.wikimedia.org/wiki/File:2464_-_Museo_archeologico_di_Milano_-_Martello,_da_Tebtynis,_sec._IV-V_d.C._-_Foto_Giovanni_Dall%27Orto,_1_feb_2014.jpg"
bua/b58d530fd8c9ee7f.jpg,bua,openverse:flickr,by-nc 2.0,CraftyGoat,https://www.flickr.com/photos/47066874@N00/2479101304
bua/b66d9c4381e773c9.jpg,bua,openverse:flickr,by 2.0,justinbaeder,https://www.flickr.com/photos/49503074211@N01/183930977
bua/b8b9a7eb8d0512fc.jpg,bua,openimages,CC BY 2.0,,
bua/b8d13648350b91ce.jpg,bua,wikimedia-commons,CC BY-SA 3.0,"<a href=""//commons.wikimedia.org/w/index.php?title=User:Tjcase2&amp;action=edit&amp;redlink=1"" class=""new"" title=""User:T",https://commons.wikimedia.org/wiki/File:Hammer.JPG
bua/b939fe385c5ed96a.jpg,bua,openimages,CC BY 2.0,,
bua/c111f2269268f5d2.jpg,bua,openverse:flickr,by-nc-sa 2.0,whiteforge,https://www.flickr.com/photos/33975828@N03/3277872144
bua/c13b0793b6573f26.jpg,bua,wikimedia-commons,CC BY-SA 3.0,"<a href=""https://en.wikipedia.org/wiki/User:Typhoon"" class=""extiw"" title=""w:User:Typhoon"">J.C. Fields</a> (<a href=""http",https://commons.wikimedia.org/wiki/File:Vaughan_California_Framer.jpg
bua/c162d0d54e79a7b8.jpg,bua,openverse:flickr,by-nc 2.0,chazferret,https://www.flickr.com/photos/14104124@N08/2315270608
bua/c254c2be6efe77c5.jpg,bua,openimages,CC BY 2.0,,
bua/c4ec909904436dac.jpg,bua,openimages,CC BY 2.0,,
bua/c6f5c9ade3c52296.jpg,bua,openimages,CC BY 2.0,,
bua/c7c99cf1cc6e5ae6.jpg,bua,wikimedia-commons,CC BY-SA 4.0,"<a href=""//commons.wikimedia.org/wiki/User:Frettie"" title=""User:Frettie"">Jiří Sedláček</a>",https://commons.wikimedia.org/wiki/File:Head_of_IKEA_hammer.jpg
bua/c82ddf79d92e4707.jpg,bua,openimages,CC BY 2.0,,
bua/c8633aad29064b2d.jpg,bua,wikimedia-commons,CC BY 2.0,"<a rel=""nofollow"" class=""external text"" href=""https://www.flickr.com/people/83136374@N05"">Ajay Suresh</a> from New York,",https://commons.wikimedia.org/wiki/File:Hammer_Head_(49790033258).jpg
bua/cc60885ed664e712.jpg,bua,wikimedia-commons,CC BY 2.5,So Leblanc,https://commons.wikimedia.org/wiki/File:P1000815.JPG
bua/cef4fbc87f685bea.jpg,bua,openverse:flickr,by 2.0,chimpwithcan,https://www.flickr.com/photos/188454520@N02/49905944233
bua/cf5e4ba1532ab0e5.jpg,bua,openimages,CC BY 2.0,,
bua/cfebf2edd37c92a4.jpg,bua,openverse:flickr,by 2.0,Mauro Cateb,https://www.flickr.com/photos/69102917@N06/6342821536
cua_tay/d918dc166dd2be3e.jpg,cua_tay,openimages,CC BY 2.0,,
bua/da8801cf696d81e2.jpg,bua,openimages,CC BY 2.0,,
bua/dcf1fcbeeb6efdc3.jpg,bua,wikimedia-commons,CC BY-SA 4.0,"<a href=""//commons.wikimedia.org/wiki/User:Zunter"" title=""User:Zunter"">Santeri Viinamäki</a>",https://commons.wikimedia.org/wiki/File:Hammer_and_nails.jpg
bua/ddb13320a51c091c.jpg,bua,openimages,CC BY 2.0,,
bua/df3d063a9443a111.jpg,bua,wikimedia-commons,CC BY 2.0,"<a rel=""nofollow"" class=""external text"" href=""https://www.flickr.com/people/78428166@N00"">Tony Alter</a> from Newport Ne",https://commons.wikimedia.org/wiki/File:Craftsman_Hammer_(9793972805).jpg
bua/df47f2f2a172ee6e.jpg,bua,openverse:flickr,by 2.0,erix!,https://www.flickr.com/photos/68387408@N00/623222075
bua/e38f9fbae4ec712a.jpg,bua,wikimedia-commons,CC BY-SA 4.0,"<a href=""//commons.wikimedia.org/wiki/User:MHM55"" title=""User:MHM55"">MHM55</a>",https://commons.wikimedia.org/wiki/File:MarteauPanneRonde-2.jpg
bua/e4375b2808b3f15c.jpg,bua,openverse:flickr,by 2.0,chimpwithcan,https://www.flickr.com/photos/188454520@N02/49920534368
bua/e667c6db4ceb78cd.jpg,bua,wikimedia-commons,Public domain,Zorro_43,https://commons.wikimedia.org/wiki/File:Dengelhammer.jpg
bua/e7558ad1d481d2a6.jpg,bua,openimages,CC BY 2.0,,
bua/e9a93d925b1decfd.jpg,bua,openverse:flickr,by 2.0,chimpwithcan,https://www.flickr.com/photos/188454520@N02/49931919921
bua/e9de3d5571215102.jpg,bua,openverse:flickr,by-sa 2.0,tmib_seattle,https://www.flickr.com/photos/80897858@N00/2540944384
bua/ea3360ebf2bb326b.jpg,bua,openimages,CC BY 2.0,,
bua/ec621564625c210e.jpg,bua,wikimedia-commons,Public domain,"<a href=""https://en.wikipedia.org/wiki/User:SamWhited"" class=""extiw"" title=""en:User:SamWhited"">User:SamWhited</a>",https://commons.wikimedia.org/wiki/File:StephensCabinPorch_Hammer.jpg
bua/edabdb656c33902a.jpg,bua,openimages,CC BY 2.0,,
bua/eef2ab35f78f5a0c.jpg,bua,openverse:flickr,by 2.0,chimpwithcan,https://www.flickr.com/photos/188454520@N02/49917759612
bua/efff62febe7708e1.jpg,bua,openimages,CC BY 2.0,,
bua/f05d3cfa00ef2da2.jpg,bua,wikimedia-commons,Public domain,"<a href=""https://en.wikipedia.org/wiki/nl:User:Martink"" class=""extiw"" title=""w:nl:User:Martink"">Martink</a> at <a href=""",https://commons.wikimedia.org/wiki/File:Moker.JPG
bua/f109db3186b1e7db.jpg,bua,openimages,CC BY 2.0,,
bua/f1549dea30b71c63.jpg,bua,openimages,CC BY 2.0,,
bua/f1c41c8f69fdb316.jpg,bua,openimages,CC BY 2.0,,
bua/f3addc94c994696d.jpg,bua,openimages,CC BY 2.0,,
bua/f56712de2e3245bd.jpg,bua,openimages,CC BY 2.0,,
bua/f5b436705ff2df82.jpg,bua,wikimedia-commons,CC BY 3.0,"<a href=""//commons.wikimedia.org/wiki/User:Lorax"" title=""User:Lorax"">Lorax</a>",https://commons.wikimedia.org/wiki/File:Broken_hammer_DIY.jpg
bua/f5d60c402ea8603c.jpg,bua,openimages,CC BY 2.0,,
bua/f6e09d15f638e7b2.jpg,bua,wikimedia-commons,CC BY 4.0,"<a href=""//commons.wikimedia.org/w/index.php?title=User:AIDEPCUL&amp;action=edit&amp;redlink=1"" class=""new"" title=""User:",https://commons.wikimedia.org/wiki/File:Bolg%27a.png
bua/f813751d3bd0d0b1.jpg,bua,openverse:flickr,by 2.0,Mauro Cateb,https://www.flickr.com/photos/69102917@N06/6342007657
bua/fed52e224328585d.jpg,bua,openverse:flickr,by 2.0,SteveNakatani,https://www.flickr.com/photos/42427670@N08/4358859543
co_le/00f106ef174598f0.jpg,co_le,wikimedia-commons,CC BY-SA 4.0,"<a href=""//commons.wikimedia.org/w/index.php?title=User:Ilmtaler&amp;action=edit&amp;redlink=1"" class=""new"" title=""User:",https://commons.wikimedia.org/wiki/File:Fahrrad_Werkzeuge10.jpg
co_le/05ad6daf32e30629.jpg,co_le,openverse:flickr,by-nc-sa 2.0,whiteforge,https://www.flickr.com/photos/33975828@N03/4078450043
co_le/066d53fddb3b8a0b.jpg,co_le,wikimedia-commons,CC BY-SA 4.0,"<a href=""//commons.wikimedia.org/wiki/User:Fran%C3%A7ois_GOGLINS"" title=""User:François GOGLINS"">François GOGLINS</a>",https://commons.wikimedia.org/wiki/File:Cl%C3%A9_sp%C3%A9ciale_CF_%C3%A0_l%27ancre.jpg
co_le/074cba112e49e92e.jpg,co_le,wikimedia-commons,CC BY-SA 4.0,"<a href=""//commons.wikimedia.org/w/index.php?title=User:RaquelRendo&amp;action=edit&amp;redlink=1"" class=""new"" title=""Us",https://commons.wikimedia.org/wiki/File:Chave_fixa.jpg
co_le/088664ede8b139a6.jpg,co_le,openimages,CC BY 2.0,,
co_le/08cf76d0601f812e.jpg,co_le,openimages,CC BY 2.0,,
co_le/0c6ae5f7f7e53aad.jpg,co_le,openverse:flickr,by-nc-sa 2.0,tudedude,https://www.flickr.com/photos/53354512@N00/4103708607
co_le/0c831afaaa2bfe11.jpg,co_le,wikimedia-commons,CC BY-SA 4.0,"<a href=""//commons.wikimedia.org/w/index.php?title=User:Jacoponer&amp;action=edit&amp;redlink=1"" class=""new"" title=""User",https://commons.wikimedia.org/wiki/File:ChiaveCombinata14.JPG
co_le/0ccd7d195e0cbc43.jpg,co_le,openverse:flickr,by 2.0,dejankrsmanovic,https://www.flickr.com/photos/155403590@N07/32140335197
co_le/0e18df35f9df7a61.jpg,co_le,wikimedia-commons,CC BY-SA 3.0,"<bdi><a href=""https://www.wikidata.org/wiki/Q108287599"" class=""extiw"" title=""d:Q108287599""><span title=""Russian Wikimedi",https://commons.wikimedia.org/wiki/File:2019-07-20._%D0%95%D0%B9%D1%81%D0%BA%D0%B8%D0%B9_%D0%B8%D1%81%D1%82%D0%BE%D1%80%D0%B8%D0%BA%D0%BE-%D0%BA%D1%80%D0%B0%D0%B5%D0%B2%D0%B5%D0%B4%D1%87%D0%B5%D1%81%D0%BA%D0%B8%D0%B9_%D0%BC%D1%83%D0%B7%D0%B5%D0%B9_061.jpg
co_le/1080c9e9a784adbc.jpg,co_le,openverse:flickr,by 2.0,chimpwithcan,https://www.flickr.com/photos/188454520@N02/49902319551
co_le/15580cdb94ce1298.jpg,co_le,openverse:flickr,by-nc-sa 2.0,Carbon Arc,https://www.flickr.com/photos/41002268@N03/52040498648
co_le/16bb1fc139a6850d.jpg,co_le,openverse:flickr,by-nc-sa 2.0,tudedude,https://www.flickr.com/photos/53354512@N00/3772604771
co_le/1e4f0aa9df26de15.jpg,co_le,wikimedia-commons,CC BY-SA 4.0,"<a href=""//commons.wikimedia.org/wiki/User:EEIM"" title=""User:EEIM"">EEIM</a>",https://commons.wikimedia.org/wiki/File:LLave_de_tuerca_numero_15.jpg
co_le/22051956f520c0fd.jpg,co_le,openverse:flickr,by-nc-sa 2.0,LarsSchwarz,https://www.flickr.com/photos/40707715@N00/6471299371
co_le/22b289548e6592fc.jpg,co_le,wikimedia-commons,CC BY-SA 3.0,"<a href=""//commons.wikimedia.org/w/index.php?title=User:Electron2002&amp;action=edit&amp;redlink=1"" class=""new"" title=""U",https://commons.wikimedia.org/wiki/File:1933_Plomb_Combination_Wrench.jpg
co_le/24e4128f8be0105f.jpg,co_le,openverse:flickr,by 2.0,spacepleb,https://www.flickr.com/photos/86381820@N00/279745427
co_le/283dc3265c5ef357.jpg,co_le,openverse:flickr,by 2.0,Kecko,https://www.flickr.com/photos/70981241@N00/27636862371
co_le/2885ca850465f89c.jpg,co_le,openimages,CC BY 2.0,,
co_le/2addcd2553d71886.jpg,co_le,wikimedia-commons,CC BY-SA 3.0,"<a href=""//commons.wikimedia.org/wiki/User:Gamsbart"" title=""User:Gamsbart"">Gamsbart</a>",https://commons.wikimedia.org/wiki/File:Bremsleitungsschluessel.JPG
kim/2bd667373521f33f.jpg,kim,wikimedia-commons,CC BY-SA 4.0,"<a href=""//commons.wikimedia.org/wiki/User:Hgrobe"" title=""User:Hgrobe"">Hannes Grobe</a>",https://commons.wikimedia.org/wiki/File:Grippzange_hg.jpg
co_le/2c4a66eee4c8f21b.jpg,co_le,openverse:flickr,by 2.0,chimpwithcan,https://www.flickr.com/photos/188454520@N02/49917814502
co_le/2f79adb2fd322625.jpg,co_le,openverse:flickr,by-nc 2.0,Andreas-photography,https://www.flickr.com/photos/19367634@N05/3166825782
co_le/30a74a65347e15f9.jpg,co_le,openverse:flickr,by-nc 2.0,hmboo Electrician and Adventurer,https://www.flickr.com/photos/79504817@N00/4501760671
co_le/31d9e2c222117822.jpg,co_le,openverse:flickr,by-sa 2.0,Gawler History,https://www.flickr.com/photos/69522134@N06/15771019144
co_le/33c37266ce0f204e.jpg,co_le,openimages,CC BY 2.0,,
co_le/3c36c30ae48dfa43.jpg,co_le,openverse:flickr,by-nc-sa 2.0,tudedude,https://www.flickr.com/photos/53354512@N00/4126342252
co_le/3f9c9e289305e86e.jpg,co_le,openverse:flickr,by-nd 2.0,Matt Browne,https://www.flickr.com/photos/78983943@N00/83858539
co_le/3ff5d6aed0e3ab8a.jpg,co_le,openverse:flickr,by-sa 2.0,osde8info,https://www.flickr.com/photos/8764442@N07/2568983517
co_le/41527661496ad7eb.jpg,co_le,openimages,CC BY 2.0,,
co_le/469f159f8bf03efd.jpg,co_le,openverse:flickr,by-sa 2.0,hernanpba,https://www.flickr.com/photos/67430875@N03/6945046501
co_le/4986821d7c89951b.jpg,co_le,wikimedia-commons,CC BY-SA 4.0,"<a href=""//commons.wikimedia.org/w/index.php?title=User:Lupus_in_Saxonia&amp;action=edit&amp;redlink=1"" class=""new"" titl",https://commons.wikimedia.org/wiki/File:Schraubschl%C3%BCssel_-_Gr%C3%B6%C3%9Fe_50_-_padre_-_Made_in_Germany_-_DIN_-_7444_-_Bild_003.jpg
mo_let/4ec8edc1c02e9417.jpg,mo_let,openverse:flickr,by-nc-sa 2.0,tudedude,https://www.flickr.com/photos/53354512@N00/5159267039
co_le/53c3eada292efc61.jpg,co_le,openverse:flickr,by 2.0,umbrellahead56,https://www.flickr.com/photos/55827596@N05/48988338242
co_le/55f5e2b7d4a93244.jpg,co_le,wikimedia-commons,CC BY-SA 4.0,"<a href=""//commons.wikimedia.org/wiki/User:Corn_cheese"" title=""User:Corn cheese"">Corn cheese</a>",https://commons.wikimedia.org/wiki/File:Dirty_wrench.jpg
co_le/58ef40c8cf648a50.jpg,co_le,wikimedia-commons,CC BY-SA 4.0,"<a href=""//commons.wikimedia.org/wiki/User:Fran%C3%A7ois_GOGLINS"" title=""User:François GOGLINS"">François GOGLINS</a>",https://commons.wikimedia.org/wiki/File:Cl%C3%A9_plate_%C3%A0_usage_particulier-03.jpg
co_le/5f1d92e823c1f96f.jpg,co_le,openverse:rawpixel,cc0 1.0,,https://www.rawpixel.com/image/7372033/png-sticker-public-domain-illustrations
co_le/629efacbec27884e.jpg,co_le,openverse:flickr,by 2.0,Elsie esq.,https://www.flickr.com/photos/61132483@N00/17634753
co_le/62a46e57e82ef172.jpg,co_le,openimages,CC BY 2.0,,
co_le/6439577037f8edad.jpg,co_le,wikimedia-commons,CC BY-SA 4.0,"<a href=""//commons.wikimedia.org/wiki/User:Fran%C3%A7ois_GOGLINS"" title=""User:François GOGLINS"">François GOGLINS</a>",https://commons.wikimedia.org/wiki/File:Cl%C3%A9_%C3%A0_oeil_sp%C3%A9ciale-01.jpg
co_le/658d0c5f1dd5cde4.jpg,co_le,openimages,CC BY 2.0,,
co_le/65ec9221f32e9498.jpg,co_le,wikimedia-commons,Public domain,"<a href=""//commons.wikimedia.org/wiki/User:Cav"" title=""User:Cav"">User:cav</a>",https://commons.wikimedia.org/wiki/File:Beta_combinata_42.jpg
co_le/6616377e8aac6bb1.jpg,co_le,openverse:rawpixel,cc0 1.0,,https://www.rawpixel.com/image/7376082/image-public-domain-illustrations-free
co_le/6633ff1d0ea188d8.jpg,co_le,openverse:flickr,by 2.0,chimpwithcan,https://www.flickr.com/photos/188454520@N02/49917512766
co_le/68d38c72ec4adfdb.jpg,co_le,openverse:flickr,by-nc-sa 2.0,tudedude,https://www.flickr.com/photos/53354512@N00/3163811723
co_le/70c57007e7ccdf94.jpg,co_le,wikimedia-commons,CC BY-SA 4.0,"<a href=""//commons.wikimedia.org/wiki/User:Goodymeraj"" title=""User:Goodymeraj"">Goodymeraj</a>",https://commons.wikimedia.org/wiki/File:A_mechanical_tool.jpg
co_le/7335045206e98e84.jpg,co_le,openverse:flickr,by-nc-nd 2.0,synapticburn,https://www.flickr.com/photos/46187627@N00/18018528302
co_le/78c557b26ffb3bd4.jpg,co_le,wikimedia-commons,CC BY-SA 4.0,"<a href=""//commons.wikimedia.org/wiki/User:Fran%C3%A7ois_GOGLINS"" title=""User:François GOGLINS"">François GOGLINS</a>",https://commons.wikimedia.org/wiki/File:Cl%C3%A9_%C3%A0_oeil_sp%C3%A9ciale-02_cropped.jpg
co_le/8308bfec1b02c5c9.jpg,co_le,openverse:flickr,by-nc-sa 2.0,Noel C. Hankamer,https://www.flickr.com/photos/12926199@N08/3585708633
co_le/8abf2d2b9823b5a8.jpg,co_le,wikimedia-commons,CC BY-SA 4.0,"<a href=""//commons.wikimedia.org/wiki/User:Fran%C3%A7ois_GOGLINS"" title=""User:François GOGLINS"">François GOGLINS</a>",https://commons.wikimedia.org/wiki/File:Cl%C3%A9_plate_%C3%A0_usage_particulier-04.jpg
co_le/8ec012daf41d5f06.jpg,co_le,openverse:flickr,by-nc-sa 2.0,tudedude,https://www.flickr.com/photos/53354512@N00/54162246632
co_le/92f91e4fe1a2a500.jpg,co_le,openimages,CC BY 2.0,,
co_le/934acc068b6b6c95.jpg,co_le,openimages,CC BY 2.0,,
co_le/995a52c93b51278d.jpg,co_le,openverse:flickr,by-nc-sa 2.0,Carbon Arc,https://www.flickr.com/photos/41002268@N03/5276265648
co_le/9b34a4db87fe2fff.jpg,co_le,openimages,CC BY 2.0,,
co_le/9b8a5d1c3300f8db.jpg,co_le,openverse:flickr,by-nc 2.0,hmboo Electrician and Adventurer,https://www.flickr.com/photos/79504817@N00/4601067762
co_le/9bd0b0cbe876be41.jpg,co_le,openverse:flickr,by-nc-sa 2.0,whiteforge,https://www.flickr.com/photos/33975828@N03/4315172642
co_le/a10906c28dfb2aa9.jpg,co_le,wikimedia-commons,GFDL 1.2,"<bdi><a href=""https://www.wikidata.org/wiki/Q15080600"" class=""extiw"" title=""d:Q15080600""><span title=""German civil engin",https://commons.wikimedia.org/wiki/File:18-04-13-Schrauben-Schl%C3%BCssel_RRK3432.jpg
co_le/a12da8e7bc4da581.jpg,co_le,openverse:flickr,by-nd 2.0,Matt Browne,https://www.flickr.com/photos/78983943@N00/83858540
co_le/a6f0497541dd66d0.jpg,co_le,wikimedia-commons,CC BY-SA 4.0,"<a href=""//commons.wikimedia.org/w/index.php?title=User:Niccol%C3%B2_Michelotti&amp;action=edit&amp;redlink=1"" class=""ne",https://commons.wikimedia.org/wiki/File:ChiaveCombinata10.JPG
co_le/a700af2f043c7486.jpg,co_le,wikimedia-commons,CC BY-SA 3.0,"<a href=""https://ja.wikipedia.org/wiki/User:%E5%9C%A8%E5%8E%9F%E3%83%B6%E8%B0%B7%E6%88%B8"" class=""extiw"" title=""ja:User:",https://commons.wikimedia.org/wiki/File:Combi_wrench2.jpg
co_le/a8dbea5b3f88a9c8.jpg,co_le,wikimedia-commons,CC BY 2.0,"<a rel=""nofollow"" class=""external text"" href=""https://www.flickr.com/people/19373739@N02"">Chris Heald</a> from Cedar Rap",https://commons.wikimedia.org/wiki/File:Craftsman_Wrenches_(39372702574).jpg
co_le/ab8a368deb196c8c.jpg,co_le,wikimedia-commons,CC BY-SA 3.0,"<a href=""//commons.wikimedia.org/wiki/User:Wiki-Bilder"" title=""User:Wiki-Bilder"">Wiki-Bilder</a>",https://commons.wikimedia.org/wiki/File:Elektroroller_VX-2_Bordwerkzeug.jpg
co_le/ac1371ac5788eb61.jpg,co_le,openverse:flickr,by 2.0,HomeSpot HQ,https://www.flickr.com/photos/86639298@N02/8559738233
co_le/aec6b224dcd45350.jpg,co_le,openverse:flickr,by 2.0,DzyMsLizzy,https://www.flickr.com/photos/11299999@N06/41218801491
mo_let/b25363f51bc12f7b.jpg,mo_let,openverse:flickr,by-nc 2.0,Mark Seton,https://www.flickr.com/photos/24018267@N00/50882804067
co_le/b5801ca37a7fdedb.jpg,co_le,wikimedia-commons,CC BY-SA 3.0,"<a href=""//commons.wikimedia.org/wiki/User:Alno"" title=""User:Alno"">Alno</a>",https://commons.wikimedia.org/wiki/File:ClePlateInstruments.JPG
mo_let/b8705753e898cb66.jpg,mo_let,openverse:flickr,by-nc-sa 2.0,tudedude,https://www.flickr.com/photos/53354512@N00/3164650324
co_le/b8c04aba1a4387dc.jpg,co_le,wikimedia-commons,CC BY-SA 3.0,"<a href=""//commons.wikimedia.org/w/index.php?title=User:Wp-0001&amp;action=edit&amp;redlink=1"" class=""new"" title=""User:W",https://commons.wikimedia.org/wiki/File:Crow%27s_foot_wrench.jpg
co_le/ba1fca5580429ddd.jpg,co_le,openverse:flickr,by-sa 2.0,Rubber Dragon,https://www.flickr.com/photos/65219016@N04/6030127798
co_le/bd03974746a53ef5.jpg,co_le,openverse:flickr,by-nc-sa 2.0,LarsSchwarz,https://www.flickr.com/photos/40707715@N00/6470737041
co_le/bd37cb0b6de5116c.jpg,co_le,wikimedia-commons,Public domain,"<a rel=""nofollow"" class=""external text"" href=""https://www.flickr.com/people/45417428@N05"">U.S. Army Corps of Engineers S",https://commons.wikimedia.org/wiki/File:170503-A-JH002-027_(33715795864).jpg
co_le/bf4896a5c636d227.jpg,co_le,openverse:flickr,by-nc-nd 2.0,ryanjamesanderson,https://www.flickr.com/photos/51114093@N00/2594437798
co_le/c2fe7ef2d6550988.jpg,co_le,openverse:flickr,by 2.0,chimpwithcan,https://www.flickr.com/photos/188454520@N02/49921031566
co_le/c419675d7080f99e.jpg,co_le,openimages,CC BY 2.0,,
co_le/cb3f7bda414b625d.jpg,co_le,openverse:flickr,by 2.0,danja.,https://www.flickr.com/photos/51035815526@N01/5516920825
co_le/ccb18efd618de15a.jpg,co_le,openverse:flickr,by-nc-sa 2.0,Carbon Arc,https://www.flickr.com/photos/41002268@N03/52385044894
co_le/d5bf0247a0197f64.jpg,co_le,openverse:flickr,by-nc 2.0,trustypics,https://www.flickr.com/photos/26668694@N05/52758462285
co_le/d65693fc0443a604.jpg,co_le,openverse:rawpixel,cc0 1.0,,https://www.rawpixel.com/image/7372210/vector-public-domain-illustrations-free
co_le/dcfd6ff55f069f3f.jpg,co_le,openverse:flickr,by-nc-sa 2.0,tudedude,https://www.flickr.com/photos/53354512@N00/3152098458
co_le/dd12fb185de77845.jpg,co_le,openverse:flickr,by-nc-sa 2.0,whiteforge,https://www.flickr.com/photos/33975828@N03/4077662013
co_le/df23a880bae59e70.jpg,co_le,wikimedia-commons,CC BY-SA 4.0,"<a href=""//commons.wikimedia.org/w/index.php?title=User:Sunnyhappy123&amp;action=edit&amp;redlink=1"" class=""new"" title=""",https://commons.wikimedia.org/wiki/File:Flare_nut_ratchet_spanner.jpg
co_le/e0f812f5b023e042.jpg,co_le,openverse:flickr,by-nc-sa 2.0,Noel C. Hankamer,https://www.flickr.com/photos/12926199@N08/4569334849
co_le/e1761b94ec998850.jpg,co_le,openverse:flickr,by 2.0,tom_bullock,https://www.flickr.com/photos/22206162@N03/4134589190
co_le/e50bf14c0e3d202b.jpg,co_le,wikimedia-commons,CC BY-SA 4.0,"<a href=""//commons.wikimedia.org/wiki/User:Fran%C3%A7ois_GOGLINS"" title=""User:François GOGLINS"">François GOGLINS</a>",https://commons.wikimedia.org/wiki/File:Cl%C3%A9_plate_%C3%A0_usage_particulier-06.jpg
co_le/e62365d1518fab5e.jpg,co_le,openverse:flickr,by-nd 2.0,hmboo Electrician and Adventurer,https://www.flickr.com/photos/79504817@N00/4001234630
co_le/e6422ec859984fda.jpg,co_le,openverse:flickr,by-nc-nd 2.0,matt-artz,https://www.flickr.com/photos/75682414@N06/16682819339
co_le/e893c2a886890c54.jpg,co_le,wikimedia-commons,CC BY-SA 4.0,"<a href=""//commons.wikimedia.org/wiki/User:Zunter"" title=""User:Zunter"">Santeri Viinamäki</a>",https://commons.wikimedia.org/wiki/File:Adjustable_spanner_in_hand.jpg
co_le/e91029b60059c7de.jpg,co_le,openverse:flickr,by-nc-sa 2.0,Noel C. Hankamer,https://www.flickr.com/photos/12926199@N08/4387279270
co_le/e92342f5233b136e.jpg,co_le,openverse:flickr,by 2.0,priceman141,https://www.flickr.com/photos/115310862@N04/23025933321
co_le/e9fdcec36c4eabb8.jpg,co_le,openverse:flickr,by 2.0,Elsie esq.,https://www.flickr.com/photos/61132483@N00/58131096
co_le/eb1c603cb2eef1da.jpg,co_le,openverse:flickr,by-sa 2.0,ignat.gorazd,https://www.flickr.com/photos/23056915@N08/6240217436
co_le/ec33c49a3507b1a5.jpg,co_le,openverse:flickr,by-nc-nd 2.0,Speed-Light,https://www.flickr.com/photos/27554162@N03/8775458176
co_le/ed3c0cc7180aa10a.jpg,co_le,wikimedia-commons,CC BY-SA 3.0,"<a href=""https://en.wikipedia.org/wiki/User:Zephyris"" class=""extiw"" title=""wikipedia:User:Zephyris"">Zephyris</a> at <a h",https://commons.wikimedia.org/wiki/File:Spanner_2.jpg
co_le/ee25cb3b97dea9fc.jpg,co_le,openverse:flickr,by-nc-sa 2.0,tudedude,https://www.flickr.com/photos/53354512@N00/11861514044
co_le/f049995c23c4793c.jpg,co_le,openverse:flickr,by-nc 2.0,Richard Harvey UK,https://www.flickr.com/photos/188304066@N08/52443512762
co_le/f0ebef9208addb4d.jpg,co_le,openverse:flickr,by-nc-sa 2.0,tudedude,https://www.flickr.com/photos/53354512@N00/3590839452
co_le/f154e16f1b821a81.jpg,co_le,openverse:flickr,by-nc-sa 2.0,tudedude,https://www.flickr.com/photos/53354512@N00/32164054504
co_le/f1a4956319319497.jpg,co_le,openimages,CC BY 2.0,,
co_le/f32faa26160c1fa8.jpg,co_le,wikimedia-commons,CC BY-SA 4.0,M_H.DE,"https://commons.wikimedia.org/wiki/File:Alligatorschl%C3%BCssel,_Alligator_Wrench.jpg"
co_le/f3d412c7a21a2e9b.jpg,co_le,openverse:flickr,by-nc-sa 2.0,Noel C. Hankamer,https://www.flickr.com/photos/12926199@N08/3610347127
co_le/f80ad0567dab9f9a.jpg,co_le,wikimedia-commons,CC BY-SA 4.0,"<a href=""//commons.wikimedia.org/wiki/User:Fran%C3%A7ois_GOGLINS"" title=""User:François GOGLINS"">François GOGLINS</a>",https://commons.wikimedia.org/wiki/File:Cl%C3%A9s_plates_%C3%A0_usage_particulier-07.jpg
co_le/f8f0e3ff26ae9430.jpg,co_le,openverse:flickr,by-sa 2.0,HVargas,https://www.flickr.com/photos/13492637@N07/2114683166
co_le/f9e314df694c3e6c.jpg,co_le,wikimedia-commons,CC BY-SA 3.0,"<a href=""//commons.wikimedia.org/wiki/User:QUB1"" title=""User:QUB1"">QUB1</a>",https://commons.wikimedia.org/wiki/File:Fastn%C3%B8kler.jpg
co_le/fabde987338fd05d.jpg,co_le,openimages,CC BY 2.0,,
co_le/fd6a51bfb1bca550.jpg,co_le,wikimedia-commons,CC BY-SA 4.0,"<a href=""//commons.wikimedia.org/wiki/User:Fran%C3%A7ois_GOGLINS"" title=""User:François GOGLINS"">François GOGLINS</a>",https://commons.wikimedia.org/wiki/File:Cl%C3%A9_plate_%C3%A0_usage_particulier-02.jpg
co_le/fec6b98cec4fde92.jpg,co_le,wikimedia-commons,CC BY-SA 3.0,"<a href=""https://en.wikipedia.org/wiki/User:Typhoon"" class=""extiw"" title=""en:User:Typhoon"">J.C. Fields</a> (<a href=""htt",https://commons.wikimedia.org/wiki/File:Companion_wrenches.jpg
cua_tay/020c06d4228bac4d.jpg,cua_tay,openverse:flickr,by 2.0,Rob Briscoe,https://www.flickr.com/photos/73753319@N00/26467191466
cua_tay/08b6167c93737408.jpg,cua_tay,openverse:flickr,by 2.0,Jordanhill School D&T Dept,https://www.flickr.com/photos/42042252@N02/5037050177
cua_tay/0bd7f1c41e7d5920.jpg,cua_tay,wikimedia-commons,Public domain,"<a rel=""nofollow"" class=""external text"" href=""https://www.flickr.com/people/49208525@N08"">USFWSmidwest</a>",https://commons.wikimedia.org/wiki/File:Cross_Cut_Saw_Demonstration_(4974882104).jpg
cua_tay/0ce148104651d8db.jpg,cua_tay,wikimedia-commons,CC BY-SA 3.0,"<a href=""https://en.wikipedia.org/wiki/ru:User:Monoklon"" class=""extiw"" title=""w:ru:User:Monoklon"">Monoklon</a> at <a hre",https://commons.wikimedia.org/wiki/File:%D0%A0%D1%83%D1%87%D0%BD%D0%B0%D1%8F_%D0%BF%D0%B8%D0%BB%D0%B0.jpg
cua_tay/0fbf07ed9bc77e60.jpg,cua_tay,openverse:flickr,by-nc-sa 2.0,teachernz,https://www.flickr.com/photos/66893217@N00/3388761795
cua_tay/129694846fd8db83.jpg,cua_tay,openverse:flickr,by 2.0,Mauro Cateb,https://www.flickr.com/photos/69102917@N06/6343316316
cua_tay/18d8710605ea3cd0.jpg,cua_tay,wikimedia-commons,OGL v1.0,L(Phot) Joel Rouse,https://commons.wikimedia.org/wiki/File:Assault_Engineers_rebuild_home_on_BVI_MOD_45163087.jpg
cua_tay/1957706422b204ce.jpg,cua_tay,wikimedia-commons,Public domain,"<a href=""https://en.wikipedia.org/wiki/nl:User:Martink"" class=""extiw"" title=""w:nl:User:Martink"">Martink</a> at <a href=""",https://commons.wikimedia.org/wiki/File:Handzaag.jpg
cua_tay/1eb651bc589da38a.jpg,cua_tay,wikimedia-commons,CC BY-SA 4.0,"<a href=""//commons.wikimedia.org/w/index.php?title=User:RaquelRendo&amp;action=edit&amp;redlink=1"" class=""new"" title=""Us",https://commons.wikimedia.org/wiki/File:Serra_de_arco.jpg
cua_tay/1f458a503e19f74b.jpg,cua_tay,wikimedia-commons,Public domain,"<a href=""//commons.wikimedia.org/wiki/User:Mnemosine"" title=""User:Mnemosine"">Mnemosine</a>",https://commons.wikimedia.org/wiki/File:Stare_pily.jpg
cua_tay/25cb5fdeca635346.jpg,cua_tay,wikimedia-commons,CC BY-SA 4.0,"<a href=""//commons.wikimedia.org/w/index.php?title=User:12akd&amp;action=edit&amp;redlink=1"" class=""new"" title=""User:12a",https://commons.wikimedia.org/wiki/File:Tools104.jpg
cua_tay/2987faa5a6b97f7c.jpg,cua_tay,openverse:flickr,by-nc-sa 2.0,London Permaculture,https://www.flickr.com/photos/7371031@N08/1688093312
cua_tay/31930337f2ea0051.jpg,cua_tay,openverse:flickr,by 2.0,Phil_Parker,https://www.flickr.com/photos/45131642@N00/5297116027
kim/33069632e34f0c2f.jpg,kim,openverse:flickr,by-nc-nd 2.0,juliensart,https://www.flickr.com/photos/18056291@N00/48827483607
cua_tay/334baaca890eba0d.jpg,cua_tay,openverse:flickr,by-nc-sa 2.0,MONSTRZ,https://www.flickr.com/photos/35569333@N08/30110610052
cua_tay/3658c5ee32ed912f.jpg,cua_tay,wikimedia-commons,CC BY-SA 4.0,"<a href=""//commons.wikimedia.org/w/index.php?title=User:RaquelRendo&amp;action=edit&amp;redlink=1"" class=""new"" title=""Us",https://commons.wikimedia.org/wiki/File:14_Caixa_de_bispeis_(2).jpg
cua_tay/3819fa34552826c5.jpg,cua_tay,wikimedia-commons,CC BY-SA 3.0,"<a href=""//commons.wikimedia.org/wiki/User:%C3%98yvind_Holmstad"" title=""User:Øyvind Holmstad"">Øyvind Holmstad</a>",https://commons.wikimedia.org/wiki/File:Gammel_sag_p%C3%A5_Tors%C3%A6tra_p%C3%A5_Toten%C3%A5sen.JPG
cua_tay/3e07dd958930b43b.jpg,cua_tay,openverse:flickr,by-nc-sa 2.0,mmeiser2,https://www.flickr.com/photos/84375973@N00/4209243870
cua_tay/4887b055065a88b3.jpg,cua_tay,wikimedia-commons,Public domain,U.S. Navy photo by Photographer's Mate 2nd Class Eric Powell.,https://commons.wikimedia.org/wiki/File:US_Navy_040320-N-1261P-034_Builder_1st_Class_Joseph_Migues_works_to_reconstruct_a_new_base-camp_for_Naval_Mobile_Construction_Battalion_Seventy_Four_(NMCB-74).jpg
cua_tay/4b50b1b965f278bc.jpg,cua_tay,openimages,CC BY 2.0,,
cua_tay/5110798e886d110d.jpg,cua_tay,openverse:flickr,by-nc-sa 2.0,Caledonian Sleeper,https://www.flickr.com/photos/188380279@N06/51429161257
cua_tay/5348a2eaa9c959e1.jpg,cua_tay,wikimedia-commons,CC BY-SA 4.0,"<a href=""https://wa.wikipedia.org/wiki/User:Djozewal"" class=""extiw"" title=""wa:User:Djozewal"">Djozewal</a> / <a href=""htt",https://commons.wikimedia.org/wiki/File:Soyete.jpg
cua_tay/538b226ab78eb471.jpg,cua_tay,wikimedia-commons,CC BY-SA 3.0,"<a href=""//commons.wikimedia.org/wiki/User:Epukas"" class=""mw-redirect"" title=""User:Epukas"">Epukas</a>",https://commons.wikimedia.org/wiki/File:Handsaws876.jpg
cua_tay/56a90737a77fbc77.jpg,cua_tay,openverse:flickr,by-nc-sa 2.0,Vincent Ma,https://www.flickr.com/photos/40275313@N00/2557418141
cua_tay/60126f2f6cc34e97.jpg,cua_tay,openverse:museumsvictoria,by 4.0,,https://collections.museumsvictoria.com.au/items/1092045
cua_tay/6a9a442ce3785a0b.jpg,cua_tay,wikimedia-commons,CC BY-SA 4.0,"<a href=""//commons.wikimedia.org/wiki/User:Kimsaka"" title=""User:Kimsaka"">Kimsaka</a>",https://commons.wikimedia.org/wiki/File:Gradsag_gammel_norsk.jpg
kim/6b62abccf343e4f3.jpg,kim,openverse:flickr,by-nc-nd 2.0,juliensart,https://www.flickr.com/photos/18056291@N00/48827777053
cua_tay/6c61b6a51ca0c573.jpg,cua_tay,openverse:rawpixel,cc0 1.0,themet,https://www.rawpixel.com/image/7959993/carpenter-sawing-plank-wood
cua_tay/6d08687cd0089280.jpg,cua_tay,openverse:rawpixel,cc0 1.0,nationalgalleryofart,https://www.rawpixel.com/image/3389904/free-illustration-image-antique-art-artwork
cua_tay/722765005f89c179.jpg,cua_tay,wikimedia-commons,Public domain,"<a href=""//commons.wikimedia.org/w/index.php?title=User:Pitoutom&amp;action=edit&amp;redlink=1"" class=""new"" title=""User:",https://commons.wikimedia.org/wiki/File:Coping_saw_2.jpg
cua_tay/84f6fa5d62b6ea71.jpg,cua_tay,wikimedia-commons,CC BY-SA 3.0,"<a href=""//commons.wikimedia.org/wiki/User:HappyMidnight"" title=""User:HappyMidnight"">HappyMidnight</a>","https://commons.wikimedia.org/wiki/File:Fine-tooth_Saw,_collections_of_National_Maritime_Museum,_South_Korea_02.jpg"
cua_tay/85dbe8e36c6e5c69.jpg,cua_tay,openverse:flickr,by 2.0,activescience,https://www.flickr.com/photos/29803258@N02/5069305926
cua_tay/8e94ea9cd1dce8c9.jpg,cua_tay,openverse:flickr,by-nc 2.0,Shawn Harquail,https://www.flickr.com/photos/55648226@N03/18192821105
cua_tay/8ff2713429953547.jpg,cua_tay,wikimedia-commons,Public domain,"<a href=""//commons.wikimedia.org/wiki/User:Mnemosine"" title=""User:Mnemosine"">Mnemosine</a>",https://commons.wikimedia.org/wiki/File:Pily_rozne_01.jpg
cua_tay/91c2cfa86a77ce40.jpg,cua_tay,openimages,CC BY 2.0,,
cua_tay/96a47fcb1726f294.jpg,cua_tay,openverse:flickr,by-nc-sa 2.0,Eredien,https://www.flickr.com/photos/34981452@N08/7742047104
cua_tay/9b48e0f13e8f7e3c.jpg,cua_tay,openverse:wikimedia,by 2.0,Horváth Dávid,https://commons.wikimedia.org/w/index.php?curid=12738756
cua_tay/9f39d7437f560119.jpg,cua_tay,openverse:rawpixel,cc0 1.0,,https://www.rawpixel.com/image/5937953/did-you-saw-that
cua_tay/a05aedb95720ee5b.jpg,cua_tay,openverse:flickr,by-sa 2.0,Dale Simonson,https://www.flickr.com/photos/45877650@N00/9419024392
cua_tay/a0fd8da8e0c7a2d9.jpg,cua_tay,wikimedia-commons,Public domain,"<a href=""//commons.wikimedia.org/wiki/User:Mnemosine"" title=""User:Mnemosine"">Mnemosine</a>",https://commons.wikimedia.org/wiki/File:Pily_platnice.jpg
cua_tay/a1ebac2bfed3096e.jpg,cua_tay,openverse:flickr,by-nc-sa 2.0,nathaniel s,https://www.flickr.com/photos/14133973@N00/49313767312
cua_tay/a5e234ddf73af76f.jpg,cua_tay,wikimedia-commons,Public domain,"<a href=""//commons.wikimedia.org/wiki/User:Rosser1954"" title=""User:Rosser1954"">Rosser1954</a>",https://commons.wikimedia.org/wiki/File:Two_man_saw.JPG
cua_tay/ad11fee00583bc19.jpg,cua_tay,openverse:flickr,by-nc 2.0,Storer Boat Plans,https://www.flickr.com/photos/39044405@N00/2957190649
cua_tay/bd5df7e0e0174ff5.jpg,cua_tay,openverse:flickr,by 2.0,ryochiji,https://www.flickr.com/photos/66685169@N00/5090954338
cua_tay/be8c59e0f07a3f83.jpg,cua_tay,openimages,CC BY 2.0,,
cua_tay/c00adf9d9fa7e56b.jpg,cua_tay,wikimedia-commons,CC BY-SA 4.0,"<a href=""//commons.wikimedia.org/wiki/User:TaurusEmerald"" title=""User:TaurusEmerald"">TaurusEmerald</a>",https://commons.wikimedia.org/wiki/File:Stanley_Tradecut_15_in._Panel_Saw.jpg
cua_tay/c79da1af501a4d29.jpg,cua_tay,wikimedia-commons,Public domain,"<a href=""//commons.wikimedia.org/wiki/User:Mnemosine"" title=""User:Mnemosine"">Mnemosine</a>",https://commons.wikimedia.org/wiki/File:Pily_rozne_03.jpg
cua_tay/c86419f838822dfb.jpg,cua_tay,openverse:flickr,by 2.0,HomeSpot HQ,https://www.flickr.com/photos/86639298@N02/8560829040
cua_tay/cd5ba9c6f40f9f9d.jpg,cua_tay,wikimedia-commons,CC0,Harry Pot / Anefo,"https://commons.wikimedia.org/wiki/File:Opdrachten_Firma_Sieben_te_Amsterdam,_Bestanddeelnr_910-0633.jpg"
cua_tay/d21d5d2caccd7279.jpg,cua_tay,openverse:flickr,by-nc 2.0,Berries.com,https://www.flickr.com/photos/126560659@N06/36912554811
giua/d8e178109bee2b9c.jpg,giua,openverse:museumsvictoria,by 4.0,Photographer: Matilda Vaughan,https://collections.museumsvictoria.com.au/items/1132678
cua_tay/d9bcbc7541dc6c5c.jpg,cua_tay,openverse:sciencemuseum,by-nc-sa 4.0,"Griffith, Thewlise",https://collection.sciencemuseumgroup.org.uk/objects/co45774/hack-saw-lancashire-pattern-1800-1825
cua_tay/da991ec93d4f199b.jpg,cua_tay,openverse:flickr,by-nc 2.0,publicenergy,https://www.flickr.com/photos/75424716@N00/26620000
cua_tay/db3d73f23a14b411.jpg,cua_tay,wikimedia-commons,CC BY-SA 3.0,"<a href=""//commons.wikimedia.org/wiki/User:Dmitry_G"" title=""User:Dmitry G"">Dmitry G</a>",https://commons.wikimedia.org/wiki/File:STANLEY_FMHT0-20559.JPG
cua_tay/dd5965f67d4e1ea2.jpg,cua_tay,openverse:flickr,by 2.0,MrMilburn,https://www.flickr.com/photos/129209751@N07/15578192808
cua_tay/ddb42a180500e44e.jpg,cua_tay,wikimedia-commons,CC BY-SA 4.0,"<a href=""//commons.wikimedia.org/w/index.php?title=User:RaquelRendo&amp;action=edit&amp;redlink=1"" class=""new"" title=""Us",https://commons.wikimedia.org/wiki/File:Serra_de_costela.jpg
cua_tay/df70afb9c3527d31.jpg,cua_tay,wikimedia-commons,CC BY-SA 3.0,,https://commons.wikimedia.org/wiki/File:Ripsaw.JPG
cua_tay/e122b166732924d9.jpg,cua_tay,openverse:flickr,by-nc-sa 2.0,cesarharada.com,https://www.flickr.com/photos/27703797@N06/5373766517
cua_tay/e2c3ee17516f1892.jpg,cua_tay,openverse:flickr,by-nc-sa 2.0,Novemberdelta,https://www.flickr.com/photos/30443947@N03/8015769580
cua_tay/ef37492df09ad682.jpg,cua_tay,openverse:flickr,by-nc-nd 2.0,AdamCohn,https://www.flickr.com/photos/96142515@N00/6311001891
cua_tay/f1a646fc2d4b6825.jpg,cua_tay,openimages,CC BY 2.0,,
cua_tay/f2114b1df1deadcb.jpg,cua_tay,openverse:flickr,by-nc-nd 2.0,Mary Hutchison,https://www.flickr.com/photos/25828087@N05/42190851772
cua_tay/f50dd14dcfd0ce88.jpg,cua_tay,openverse:flickr,by-sa 2.0,sparr0,https://www.flickr.com/photos/22611472@N02/8723719801
cua_tay/f81383f60ee9bf0f.jpg,cua_tay,wikimedia-commons,CC BY-SA 3.0,"<a href=""//commons.wikimedia.org/wiki/User:JiriMatejicek"" title=""User:JiriMatejicek"">JiriMatejicek</a>",https://commons.wikimedia.org/wiki/File:Prepere_67_poutac.jpg
cua_tay/fab02dc642d4ec7e.jpg,cua_tay,wikimedia-commons,CC BY-SA 3.0,"<a href=""//commons.wikimedia.org/wiki/User:%C3%98yvind_Holmstad"" title=""User:Øyvind Holmstad"">Øyvind Holmstad</a>",https://commons.wikimedia.org/wiki/File:Gammel_sag_p%C3%A5_Tors%C3%A6tra_p%C3%A5_Toten%C3%A5sen-2.JPG
cua_tay/faf712751057dc34.jpg,cua_tay,openverse:flickr,by-nc-sa 2.0,Vincent Ma,https://www.flickr.com/photos/40275313@N00/354090825
cua_tay/fee569cabfcbe8bc.jpg,cua_tay,wikimedia-commons,CC BY-SA 4.0,"<a href=""//commons.wikimedia.org/wiki/User:WikedKentaur"" class=""mw-redirect"" title=""User:WikedKentaur"">WikedKentaur</a>",https://commons.wikimedia.org/wiki/File:Saed_Liivi_rahvamajas.jpg
cua_tay/ff4991015ec3862e.jpg,cua_tay,openverse:flickr,by-sa 2.0,JCHaywire,https://www.flickr.com/photos/14179298@N00/293487729
cua_tay/03d4ab8dd974f333.jpg,cua_tay,openverse:flickr,by 2.0,Jordanhill School D&T Dept,https://www.flickr.com/photos/42042252@N02/5036894609
giua/06c0f4e7edb73ccd.jpg,giua,openverse:flickr,by 2.0,Jordanhill School D&T Dept,https://www.flickr.com/photos/42042252@N02/5037634666
giua/1014dc8a95493b28.jpg,giua,openverse:flickr,by 2.0,MrMilburn,https://www.flickr.com/photos/129209751@N07/15761742571
giua/118dd38d64d7f337.jpg,giua,openverse:flickr,by-nc-sa 2.0,tudedude,https://www.flickr.com/photos/53354512@N00/12093182566
tua_vit/12ede42c4ff4f54a.jpg,tua_vit,openverse:flickr,by 2.0,Jordanhill School D&T Dept,https://www.flickr.com/photos/42042252@N02/5036877429
giua/2067c44eb00e1249.jpg,giua,openverse:flickr,by 2.0,Jordanhill School D&T Dept,https://www.flickr.com/photos/42042252@N02/5037168441
giua/22ba0ac09fef1cc3.jpg,giua,wikimedia-commons,CC BY 3.0,"<a href=""//commons.wikimedia.org/wiki/User:LivingShadow"" title=""User:LivingShadow"">Simon A. Eugster</a>",https://commons.wikimedia.org/wiki/File:Needlefile-oval-detail.jpg
giua/2a1e55a5e8207a5f.jpg,giua,wikimedia-commons,CC BY-SA 3.0,"<a href=""//commons.wikimedia.org/wiki/User:Lucasbosch"" title=""User:Lucasbosch"">Lucasbosch</a>",https://commons.wikimedia.org/wiki/File:Glardon_Vallorbe_LA2442-0_140_mm_Swiss_cut_0_6-piece_needle_file_set.jpg
giua/2a4030b1baa820a5.jpg,giua,wikimedia-commons,CC BY-SA 3.0,"<a href=""//commons.wikimedia.org/wiki/User:Graibeard"" title=""User:Graibeard"">Glenn McKechnie</a>",https://commons.wikimedia.org/wiki/File:NeedleFiles.jpg
giua/2ab581fda106b682.jpg,giua,openverse:flickr,by 2.0,MrMilburn,https://www.flickr.com/photos/129209751@N07/15577767239
tua_vit/2ba72ad29cf21dc2.jpg,tua_vit,openverse:flickr,by-nc 2.0,Lindesnes kulturtorv,https://www.flickr.com/photos/36427141@N02/3659971021
tua_vit/2cdf5ad7a13de9c6.jpg,tua_vit,openverse:museumsvictoria,by 4.0,,https://collections.museumsvictoria.com.au/items/260815
giua/3556542b1550b090.jpg,giua,wikimedia-commons,CC BY 3.0,"<a href=""//commons.wikimedia.org/wiki/User:LivingShadow"" title=""User:LivingShadow"">Simon A. Eugster</a>",https://commons.wikimedia.org/wiki/File:Needlefile-round-detail.jpg
tua_vit/38d32a4d55d471db.jpg,tua_vit,openverse:flickr,by 2.0,Jordanhill School D&T Dept,https://www.flickr.com/photos/42042252@N02/5036881523
giua/3ab82293725f882e.jpg,giua,openverse:flickr,by-nd 2.0,jeremy_norbury,https://www.flickr.com/photos/47343585@N00/54396009770
giua/3fe1fb6fb82b1436.jpg,giua,openverse:flickr,by-nc 2.0,tim ellis,https://www.flickr.com/photos/14113765@N00/31136888662
tua_vit/47553560d93ad71b.jpg,tua_vit,openverse:flickr,by 2.0,Jordanhill School D&T Dept,https://www.flickr.com/photos/42042252@N02/5036873235
giua/50f9a149da399568.jpg,giua,openverse:flickr,by-nc-sa 2.0,PeterThoeny,https://www.flickr.com/photos/98786299@N00/11975272495
giua/553813b78e39e1e4.jpg,giua,openverse:flickr,by-nc-sa 2.0,MattSuever,https://www.flickr.com/photos/47938085@N02/4559404174
giua/5948bd72c9d7dc18.jpg,giua,openverse:flickr,by 2.0,Mary-Lynn,https://www.flickr.com/photos/96312439@N00/2197046454
giua/59a2abcfd43f8330.jpg,giua,openverse:flickr,by-nc-nd 2.0,photobunny,https://www.flickr.com/photos/71502646@N00/2116509891
giua/5c0563eee809c399.jpg,giua,openverse:flickr,by-nc 2.0,zhollett,https://www.flickr.com/photos/9049331@N02/3556184996
giua/5cd62a066bfb9fd5.jpg,giua,wikimedia-commons,CC BY-SA 4.0,"<a href=""//commons.wikimedia.org/wiki/User:Jacek_Halicki"" title=""User:Jacek Halicki"">Jacek Halicki</a>",https://commons.wikimedia.org/wiki/File:2023_Iglaki_diamentowe.jpg
giua/5ddf1cb9e89ba99a.jpg,giua,wikimedia-commons,CC BY-SA 3.0,"<a href=""//commons.wikimedia.org/wiki/User:Mauro_Cateb"" title=""User:Mauro Cateb"">Mauro Cateb</a>",https://commons.wikimedia.org/wiki/File:Using_files.JPG
giua/61c5ecf717cb6fe8.jpg,giua,openverse:flickr,by-nc 2.0,Bushman.K,https://www.flickr.com/photos/22271981@N07/28255550991
giua/63616cb489e6a111.jpg,giua,openverse:wikimedia,by 3.0,FacialSurgery,https://commons.wikimedia.org/w/index.php?curid=6084527
kim/6dc600988b5ea40d.jpg,kim,openverse:flickr,by 2.0,Jordanhill School D&T Dept,https://www.flickr.com/photos/42042252@N02/5036969251
giua/72bf9f75f1fcc6fb.jpg,giua,openverse:flickr,by 2.0,conall..,https://www.flickr.com/photos/16176711@N02/53494222219
giua/72d37eeb04026f1e.jpg,giua,openverse:europeana,by-nc-nd 4.0,,http://digitaltmuseum.se/021026335960
giua/73d6c11f0294bd90.jpg,giua,openverse:flickr,by 2.0,Jordanhill School D&T Dept,https://www.flickr.com/photos/42042252@N02/5037631040
giua/76e0f6acdd18054c.jpg,giua,openverse:flickr,by 2.0,Jordanhill School D&T Dept,https://www.flickr.com/photos/42042252@N02/5037613264
tua_vit/7b25c5da55bb610f.jpg,tua_vit,openverse:museumsvictoria,by 4.0,,https://collections.museumsvictoria.com.au/items/260598
giua/7b6e4abb2abd0fcf.jpg,giua,openverse:flickr,by 2.0,Jordanhill School D&T Dept,https://www.flickr.com/photos/42042252@N02/5037675672
giua/7deb89028ecc583f.jpg,giua,wikimedia-commons,CC BY-SA 3.0,"<a href=""//commons.wikimedia.org/wiki/User:Mauro_Cateb"" title=""User:Mauro Cateb"">Mauro Cateb</a>",https://commons.wikimedia.org/wiki/File:Jewellery_files.jpg
cua_tay/888318373b1b69da.jpg,cua_tay,openverse:flickr,by-nc-nd 2.0,KevPBur,https://www.flickr.com/photos/92054237@N05/24332982305
giua/9259a4b1537c6f00.jpg,giua,openverse:flickr,by-nc-sa 2.0,kikuyumoja,https://www.flickr.com/photos/84636483@N00/48674377632
giua/95021ed2a335a56e.jpg,giua,wikimedia-commons,CC BY-SA 3.0,"<a href=""//commons.wikimedia.org/wiki/User:Lucasbosch"" title=""User:Lucasbosch"">Lucasbosch</a>",https://commons.wikimedia.org/wiki/File:Glardon_Vallorbe_LA2442-0_140_mm_Swiss_cut_0_6-piece_needle_file_set.png
giua/98356a4e4e8c2845.jpg,giua,openverse:flickr,by-sa 2.0,dvanzuijlekom,https://www.flickr.com/photos/52365139@N05/19402159815
cua_tay/a25c7a0bcee55379.jpg,cua_tay,openverse:flickr,by 2.0,Jordanhill School D&T Dept,https://www.flickr.com/photos/42042252@N02/5037552262
giua/a868d80d226c12f2.jpg,giua,openverse:flickr,by 2.0,Jordanhill School D&T Dept,https://www.flickr.com/photos/42042252@N02/5036989227
giua/a91cd26a1d556cd7.jpg,giua,openverse:museumsvictoria,by 4.0,,https://collections.museumsvictoria.com.au/items/262155
giua/ad216315060b55d0.jpg,giua,openverse:wikimedia,by-sa 3.0,No machine-readable author provided. MatthiasKabel assumed (based on copyright claims).,https://commons.wikimedia.org/w/index.php?curid=247608
tua_vit/b390d545ecf09eed.jpg,tua_vit,openverse:flickr,by 2.0,Jordanhill School D&T Dept,https://www.flickr.com/photos/42042252@N02/5036863735
giua/bdd4a78da653c7d4.jpg,giua,wikimedia-commons,CC BY 3.0,"<a href=""//commons.wikimedia.org/wiki/User:LivingShadow"" title=""User:LivingShadow"">Simon A. Eugster</a>",https://commons.wikimedia.org/wiki/File:Needlefile-round.jpg
giua/c35c3e40fc63e17a.jpg,giua,openverse:flickr,by-nc-sa 2.0,ANBerlin [Ondré],https://www.flickr.com/photos/8845484@N02/24148057393
giua/ccab59b596f528f9.jpg,giua,wikimedia-commons,CC BY-SA 3.0,"<a href=""//commons.wikimedia.org/wiki/User:Lucasbosch"" title=""User:Lucasbosch"">Lucasbosch</a>",https://commons.wikimedia.org/wiki/File:Glardon_Vallorbe_LA2442-0_140_mm_Swiss_cut_0_6-piece_needle_file_set_white_background.jpg
cua_tay/cf7413470c74eb66.jpg,cua_tay,openverse:flickr,by 2.0,Jordanhill School D&T Dept,https://www.flickr.com/photos/42042252@N02/5036885435
cua_tay/d35d7e20875d5731.jpg,cua_tay,openverse:flickr,by 2.0,Jordanhill School D&T Dept,https://www.flickr.com/photos/42042252@N02/5036908507
giua/d583dc7193656e83.jpg,giua,wikimedia-commons,CC BY-SA 4.0,"<a href=""//commons.wikimedia.org/wiki/User:Mauro_Cateb"" title=""User:Mauro Cateb"">Mauro Cateb</a>",https://commons.wikimedia.org/wiki/File:Files_for_jewellery_%26_silversmithing.jpg
giua/d66b0236c0481e2d.jpg,giua,openverse:flickr,by-nc-sa 2.0,tudedude,https://www.flickr.com/photos/53354512@N00/49025971422
giua/d9335e53852a12a9.jpg,giua,openverse:flickr,by 2.0,Mauro Cateb,https://www.flickr.com/photos/69102917@N06/6342086623
giua/db684145a9aba008.jpg,giua,openverse:flickr,by-nc-nd 2.0,Calmudge0n,https://www.flickr.com/photos/64911001@N06/13935926590
giua/e0f7bf3ace5cf095.jpg,giua,openverse:flickr,by 2.0,Jordanhill School D&T Dept,https://www.flickr.com/photos/42042252@N02/5036992063
giua/e6542d5315a4e18a.jpg,giua,openverse:flickr,by-nc-sa 2.0,jeffharbert,https://www.flickr.com/photos/15488734@N00/162559630
giua/e6fd280764ead8dc.jpg,giua,openverse:flickr,by 2.0,Jordanhill School D&T Dept,https://www.flickr.com/photos/42042252@N02/5037604452
cua_tay/fa43a71e5327bfd6.jpg,cua_tay,openverse:flickr,by 2.0,Jordanhill School D&T Dept,https://www.flickr.com/photos/42042252@N02/5037028279
tua_vit/febd2b9b863eddbb.jpg,tua_vit,openverse:flickr,by 2.0,Jordanhill School D&T Dept,https://www.flickr.com/photos/42042252@N02/5037487588
kim/02e98293feb8d4e1.jpg,kim,openverse:flickr,by-sa 2.0,Shutterfly Ideas,https://www.flickr.com/photos/165699459@N03/42022769530
kim/03b4cc80d18eab9f.jpg,kim,wikimedia-commons,CC BY 4.0,"<div class=""fn value"">
not researched</div>",https://commons.wikimedia.org/wiki/File:Pliers_(AM_2004.51.25-3).jpg
kim/03d0fbb9b716de26.jpg,kim,wikimedia-commons,CC BY 4.0,"<div class=""fn value"">
not researched</div>",https://commons.wikimedia.org/wiki/File:Pliers_(AM_2004.51.25-1).jpg
kim/09230dcda37776e2.jpg,kim,wikimedia-commons,CC BY-SA 3.0,"<a href=""//commons.wikimedia.org/wiki/User:Chianti"" title=""User:Chianti"">Chianti</a>",https://commons.wikimedia.org/wiki/File:WaPuZa_Rothenberger_03.jpg
kim/094b674e8a059f6a.jpg,kim,openverse:flickr,by-nc-sa 2.0,the justified sinner,https://www.flickr.com/photos/54799099@N00/3177871524
kim/0b0d0ab44b710ca4.jpg,kim,wikimedia-commons,CC BY-SA 4.0,"<a href=""//commons.wikimedia.org/wiki/User:Petar43"" title=""User:Petar43"">Petar43</a>",https://commons.wikimedia.org/wiki/File:Pinza11a.JPG
kim/0ffdde31034e531b.jpg,kim,openverse:flickr,by-nd 2.0,AE.Photos,https://www.flickr.com/photos/98098641@N07/9365650900
kim/11b6b92c233cc5fe.jpg,kim,wikimedia-commons,CC BY 4.0,"<a href=""//commons.wikimedia.org/wiki/User:R._Henrik_Nilsson"" title=""User:R. Henrik Nilsson"">R. Henrik Nilsson</a>",https://commons.wikimedia.org/wiki/File:Fencing_pliers_Biltema_12_317_from_around_2010.jpg
kim/1370dfd898cf2b0f.jpg,kim,openverse:flickr,by-nc-sa 2.0,adafruit,https://www.flickr.com/photos/35434449@N08/44816717124
kim/13cd2c5a16ea3013.jpg,kim,openverse:flickr,by 2.0,chimpwithcan,https://www.flickr.com/photos/188454520@N02/49917490341
kim/141887181bd24584.jpg,kim,openverse:flickr,by 2.0,Mauro Cateb,https://www.flickr.com/photos/69102917@N06/7994598049
kim/175baf6e6f7c935b.jpg,kim,openverse:flickr,by 2.0,oskay,https://www.flickr.com/photos/17425845@N00/2362755435
kim/189d1c1c82daad79.jpg,kim,openverse:flickr,by-nc-sa 2.0,David Kirwan,https://www.flickr.com/photos/188210056@N07/52209748621
kim/19006c0269210e89.jpg,kim,wikimedia-commons,CC BY 4.0,"<div class=""fn value"">
Lucien Hugoniot-Tissot</div>",https://commons.wikimedia.org/wiki/File:Barrel_hook_and_mainspring_punching_pliers_(AM_2004.51.20-3).jpg
kim/19a0bf0fb5be6f61.jpg,kim,wikimedia-commons,GFDL,"<a href=""https://en.wikipedia.org/wiki/User:Brizzo22"" class=""extiw"" title=""wikipedia:User:Brizzo22"">Brizzo22</a> at <a h",https://commons.wikimedia.org/wiki/File:01-Pliers.jpg
kim/1c356868a9dd7a37.jpg,kim,wikimedia-commons,CC BY 4.0,"<div class=""fn value"">
not researched</div>",https://commons.wikimedia.org/wiki/File:Pliers_(AM_2004.51.25-2).jpg
kim/229bf5cab7339f3e.jpg,kim,wikimedia-commons,CC BY 4.0,"<a href=""//commons.wikimedia.org/wiki/User:So9q"" title=""User:So9q"">So9q</a>",https://commons.wikimedia.org/wiki/File:Papeg%C3%B8jetang.jpg
kim/2316e4d9e7c2e840.jpg,kim,wikimedia-commons,CC BY 4.0,"<div class=""fn value"">
Lucien Hugoniot-Tissot</div>",https://commons.wikimedia.org/wiki/File:Pliers_(AM_2004.51.22-2).jpg
kim/244b3808294db784.jpg,kim,wikimedia-commons,CC BY-SA 4.0,"<a href=""//commons.wikimedia.org/w/index.php?title=User:Quercus_acuta&amp;action=edit&amp;redlink=1"" class=""new"" title=""",https://commons.wikimedia.org/wiki/File:FUJIYA_No.1050.jpg
kim/2459c6641cf1d200.jpg,kim,openverse:flickr,by 2.0,emmamccleary,https://www.flickr.com/photos/98603452@N00/3958042240
kim/247e9d65c46e7058.jpg,kim,openverse:flickr,by-nd 2.0,Lost Albatross,https://www.flickr.com/photos/90428457@N00/3379717813
kim/2535148b7bcf18fd.jpg,kim,openverse:flickr,by-sa 2.0,SSC-Aviation,https://www.flickr.com/photos/116745893@N02/12640076335
kim/256fba28fcbd2178.jpg,kim,openimages,CC BY 2.0,,
kim/2928792b7d5c5e2b.jpg,kim,wikimedia-commons,Public domain,,https://commons.wikimedia.org/wiki/File:Adjustable_wrench_2.jpg
kim/29e69849fb2865d5.jpg,kim,wikimedia-commons,CC BY-SA 3.0,"<a href=""https://hu.wikipedia.org/wiki/User:Pilgab"" class=""extiw"" title=""hu:User:Pilgab"">Pilise Gábor</a>",https://commons.wikimedia.org/wiki/File:Kombin%C3%A1lt_fog%C3%B3.JPG
kim/2b59c510693865cd.jpg,kim,openimages,CC BY 2.0,,
kim/2c396fc96ae4d71e.jpg,kim,openverse:flickr,by-nc-sa 2.0,the justified sinner,https://www.flickr.com/photos/54799099@N00/2394254946
kim/2e0a696d433b7854.jpg,kim,wikimedia-commons,CC BY-SA 4.0,"<a href=""//commons.wikimedia.org/wiki/User:Jacek_Halicki"" title=""User:Jacek Halicki"">Jacek Halicki</a>",https://commons.wikimedia.org/wiki/File:2023_Kombinerki_(1).jpg
kim/2f89e1c5eb2f8fd7.jpg,kim,openverse:flickr,by 2.0,Admond,https://www.flickr.com/photos/24920925@N05/3430313522
kim/2f9d564ba1ad1978.jpg,kim,wikimedia-commons,CC BY-SA 3.0,"<a href=""https://en.wikipedia.org/wiki/User:Typhoon"" class=""extiw"" title=""en:User:Typhoon"">J.C. Fields</a> (<a href=""htt",https://commons.wikimedia.org/wiki/File:Kobalt_lineman%27s_pliers.jpg
kim/2fa384b80bb2f292.jpg,kim,openverse:flickr,by 2.0,1lenore,https://www.flickr.com/photos/80522246@N00/1751997451
kim/3000fb7aac321b75.jpg,kim,openverse:flickr,by-nc 2.0,eltpics,https://www.flickr.com/photos/54942754@N02/20446432032
kim/3182de31fa17e1df.jpg,kim,openverse:flickr,by-nc-sa 2.0,Theen ...,https://www.flickr.com/photos/57768536@N05/7007020685
kim/323b92544edb6721.jpg,kim,openverse:flickr,by-nc-sa 2.0,newmanufactory,https://www.flickr.com/photos/41572320@N02/4546925608
kim/3334fe42475c469d.jpg,kim,wikimedia-commons,CC BY-SA 4.0,"<a href=""//commons.wikimedia.org/wiki/User:Andy_Dingley"" title=""User:Andy Dingley"">Andy Dingley</a>",https://commons.wikimedia.org/wiki/File:Plastic_bodywork_rivet_pulling_pliers.jpg
kim/340dac1265d9684d.jpg,kim,wikimedia-commons,CC BY 4.0,"<div class=""fn value"">
Lucien Hugoniot-Tissot</div>",https://commons.wikimedia.org/wiki/File:Pliers_(AM_2004.51.22-3).jpg
kim/349fb485789aa8f8.jpg,kim,openverse:flickr,by-nc-sa 2.0,the justified sinner,https://www.flickr.com/photos/54799099@N00/2393425735
kim/34e59f8bce5c68a9.jpg,kim,openverse:flickr,by-nc 2.0,bre pettis,https://www.flickr.com/photos/44124453791@N01/2571256167
kim/391ba1ce8aee6a33.jpg,kim,openverse:flickr,by-sa 2.0,oomlout,https://www.flickr.com/photos/33504192@N00/3931543129
kim/39715b5882235f7a.jpg,kim,openverse:flickr,by 2.0,LISgirl,https://www.flickr.com/photos/62357671@N00/36190009296
kim/39cbc2a8d562a5b8.jpg,kim,openimages,CC BY 2.0,,
kim/3b64440aacab5602.jpg,kim,openverse:museumsvictoria,by 4.0,,https://collections.museumsvictoria.com.au/items/257389
kim/3b9cc6a0dcb28402.jpg,kim,openverse:flickr,by-nc-sa 2.0,Analog Weapon,https://www.flickr.com/photos/79673034@N00/3779724212
kim/3cc86d7a55e4941e.jpg,kim,openverse:flickr,by-nc-sa 2.0,Noel C. Hankamer,https://www.flickr.com/photos/12926199@N08/8323466985
kim/40e0e29a143012dc.jpg,kim,openverse:flickr,by 2.0,Mortymore,https://www.flickr.com/photos/42537987@N07/23199381389
kim/4102da3d3d5bc93e.jpg,kim,wikimedia-commons,CC BY-SA 4.0,"<a href=""//commons.wikimedia.org/wiki/User:Momcilostokanovic"" title=""User:Momcilostokanovic"">Momcilostokanovic</a>",https://commons.wikimedia.org/wiki/File:Klesta...photo_Moma_SM.jpg
kim/4128af960db32f1c.jpg,kim,openverse:flickr,by 2.0,oskay,https://www.flickr.com/photos/17425845@N00/4793150782
kim/41c1d8007ce18d08.jpg,kim,wikimedia-commons,CC BY 4.0,"<div class=""fn value"">
Lucien Hugoniot-Tissot</div>",https://commons.wikimedia.org/wiki/File:Pliers_(AM_2004.51.16-3).jpg
kim/421d7e77ec17d8d9.jpg,kim,openverse:flickr,by-nc-sa 2.0,UCL Engineering,https://www.flickr.com/photos/67955891@N04/6946862623
kim/421dffee86cbc9ab.jpg,kim,openverse:flickr,by-nc-sa 2.0,tudedude,https://www.flickr.com/photos/53354512@N00/6294522254
kim/4229a0f8eb7a7467.jpg,kim,wikimedia-commons,CC BY 4.0,"<div class=""fn value"">
Lucien Hugoniot-Tissot</div>",https://commons.wikimedia.org/wiki/File:Pliers_(AM_2004.51.16-1).jpg
kim/42d7bc9264b67ae3.jpg,kim,openimages,CC BY 2.0,,
kim/43c4bb5cb83827fc.jpg,kim,openverse:flickr,by 2.0,kemeko1971,https://www.flickr.com/photos/8868801@N03/5855836074
kim/4441ee2ee3ce8b61.jpg,kim,wikimedia-commons,CC BY-SA 3.0,"<a href=""//commons.wikimedia.org/wiki/User:Roland_Nonnenmacher"" title=""User:Roland Nonnenmacher"">Roland Nonnenmacher D-8",https://commons.wikimedia.org/wiki/File:Papageienzange.jpg
kim/464002d31085191a.jpg,kim,openverse:flickr,by 2.0,SparkFunElectronics,https://www.flickr.com/photos/41898857@N04/15800625927
kim/46e7bee57716fdc5.jpg,kim,wikimedia-commons,CC BY-SA 3.0,"<a href=""//commons.wikimedia.org/wiki/User:Mauro_Cateb"" title=""User:Mauro Cateb"">Mauro Cateb</a>",https://commons.wikimedia.org/wiki/File:Jewellery_pliers.jpg
kim/485e15a9f1f78bc1.jpg,kim,openverse:flickr,by-sa 2.0,Elle Rae_,https://www.flickr.com/photos/110382334@N05/11302995914
kim/49e35396a11cd202.jpg,kim,wikimedia-commons,CC BY-SA 3.0,"<a href=""//commons.wikimedia.org/wiki/User:Honmingjun"" title=""User:Honmingjun"">Honmingjun</a>",https://commons.wikimedia.org/wiki/File:Lineman%27s_Plier.jpg
kim/4a4a995d1591794b.jpg,kim,openverse:flickr,by 2.0,Phil_Parker,https://www.flickr.com/photos/45131642@N00/4355909037
mo_let/4a69b681b8655f83.jpg,mo_let,wikimedia-commons,Public domain,"Unknown author<span style=""display: none;"">Unknown author</span>",https://commons.wikimedia.org/wiki/File:Arago_kilogram.jpg
kim/4aefc8b51918dc62.jpg,kim,openverse:flickr,by 2.0,oskay,https://www.flickr.com/photos/17425845@N00/2494451912
giua/4b29ecce9b60e569.jpg,giua,openverse:flickr,by-nc-sa 2.0,Old Shoe Woman,https://www.flickr.com/photos/83955435@N00/16562856
kim/4c88aebaec06d15b.jpg,kim,openverse:flickr,by-nc-sa 2.0,newmanufactory,https://www.flickr.com/photos/41572320@N02/4787035018
kim/4f5f8948bb63b329.jpg,kim,openverse:flickr,by-nc-sa 2.0,jfeathersmith,https://www.flickr.com/photos/29380936@N06/4482671875
kim/4f63e937f053022c.jpg,kim,openverse:flickr,by 2.0,SparkFunElectronics,https://www.flickr.com/photos/41898857@N04/15985698372
kim/4f81e446b1924561.jpg,kim,openverse:flickr,by-nc-sa 2.0,adafruit,https://www.flickr.com/photos/35434449@N08/8738637231
kim/50120ee24456eb4a.jpg,kim,wikimedia-commons,CC BY 2.0,"<a rel=""nofollow"" class=""external text"" href=""https://www.flickr.com/people/194951624@N02"">Joost J. Bakker  IJmuiden</a>",https://commons.wikimedia.org/wiki/File:Elliott-Lucas_Elect_Pliers_Cannock_England_PW_54-8_Ultra_Tensile_(51879809667).jpg
kim/50216aa03d795e22.jpg,kim,openimages,CC BY 2.0,,
kim/505dfe7af5af92fc.jpg,kim,wikimedia-commons,CC BY 4.0,"<div class=""fn value"">
Lucien Hugoniot-Tissot</div>",https://commons.wikimedia.org/wiki/File:Barrel_hook_and_mainspring_punching_pliers_(AM_2004.51.20-2).jpg
kim/50e64962a55a4e86.jpg,kim,openverse:flickr,by 2.0,oskay,https://www.flickr.com/photos/17425845@N00/4792517125
kim/531f82fde00baff5.jpg,kim,openimages,CC BY 2.0,,
kim/533de4479f7312c0.jpg,kim,openverse:flickr,by-nc 2.0,todbot,https://www.flickr.com/photos/35034345966@N01/262330359
kim/559ff6c34a4c8c96.jpg,kim,openimages,CC BY 2.0,,
kim/5610bdd84cff6b59.jpg,kim,wikimedia-commons,CC BY 4.0,"<div class=""fn value"">
not researched</div>",https://commons.wikimedia.org/wiki/File:Pliers_(AM_2004.51.24-2).jpg
kim/5664556f610868d0.jpg,kim,openverse:flickr,by 2.0,Mauro Cateb,https://www.flickr.com/photos/69102917@N06/6341991185
kim/570012185321df05.jpg,kim,openverse:flickr,by-nc-sa 2.0,adafruit,https://www.flickr.com/photos/35434449@N08/8739755200
kim/57a09ace8788d48c.jpg,kim,openverse:flickr,by-nc-nd 2.0,jamelah,https://www.flickr.com/photos/56412930@N00/173783575
kim/58445aeb5d02ff74.jpg,kim,wikimedia-commons,CC BY-SA 4.0,"<a href=""//commons.wikimedia.org/w/index.php?title=User:AD10643&amp;action=edit&amp;redlink=1"" class=""new"" title=""User:A",https://commons.wikimedia.org/wiki/File:Jewlary_Tools.jpg
kim/5a0a6bd54cc363d9.jpg,kim,wikimedia-commons,CC BY 4.0,"<div class=""fn value"">
Lucien Hugoniot-Tissot</div>",https://commons.wikimedia.org/wiki/File:Pliers_(AM_2004.51.22-6).jpg
kim/5b7bea910c28ef5c.jpg,kim,wikimedia-commons,CC BY-SA 4.0,"<a href=""//commons.wikimedia.org/wiki/User:Petar43"" title=""User:Petar43"">Petar43</a>",https://commons.wikimedia.org/wiki/File:Pinza24a.JPG
kim/5da7d4cc4411a38a.jpg,kim,wikimedia-commons,CC BY-SA 4.0,"<a href=""//commons.wikimedia.org/wiki/User:Basingo"" title=""User:Basingo"">Basingo</a>",https://commons.wikimedia.org/wiki/File:Kombinationst%C3%A5ng.1.jpg
kim/5e52ee35a70bbdb9.jpg,kim,openverse:flickr,by-nc 2.0,Mark Seton,https://www.flickr.com/photos/24018267@N00/15276241848
kim/602d5e37f1842b60.jpg,kim,wikimedia-commons,CC BY-SA 4.0,"<a href=""//commons.wikimedia.org/wiki/User:Petar43"" title=""User:Petar43"">Petar43</a>",https://commons.wikimedia.org/wiki/File:Pinza1b.JPG
kim/6310d60d3d8f1003.jpg,kim,openverse:flickr,by-nc-sa 2.0,adafruit,https://www.flickr.com/photos/35434449@N08/44816715154
kim/65ac5d441320d282.jpg,kim,wikimedia-commons,CC BY-SA 3.0,"<a href=""//commons.wikimedia.org/wiki/User:Dmitry_G"" title=""User:Dmitry G"">Dmitry G</a>",https://commons.wikimedia.org/wiki/File:Adjustable_pliers_kwb_387710.JPG
kim/6783bcc45b2452eb.jpg,kim,openverse:flickr,by-nc-sa 2.0,adafruit,https://www.flickr.com/photos/35434449@N08/15536501655
kim/696c71a0d43b353d.jpg,kim,wikimedia-commons,CC BY-SA 3.0,"<a href=""https://en.wikipedia.org/wiki/User:Typhoon"" class=""extiw"" title=""en:User:Typhoon"">J.C. Fields</a> (<a href=""htt",https://commons.wikimedia.org/wiki/File:Klein_Journeyman_pliers.jpg
kim/6da91052706bda2d.jpg,kim,openverse:flickr,by-nc-sa 2.0,adafruit,https://www.flickr.com/photos/35434449@N08/14915747484
kim/6f3787d5ef030aaf.jpg,kim,openverse:flickr,by-nc-sa 2.0,tudedude,https://www.flickr.com/photos/53354512@N00/13332163684
kim/6f9764e0b9fff600.jpg,kim,wikimedia-commons,CC BY-SA 4.0,"<a href=""//commons.wikimedia.org/wiki/User:Petar43"" title=""User:Petar43"">Petar43</a>",https://commons.wikimedia.org/wiki/File:Pinza15.JPG
kim/7081ae6e7636c851.jpg,kim,openverse:flickr,by-nc-sa 2.0,the justified sinner,https://www.flickr.com/photos/54799099@N00/2472188376
kim/72f99e20005d49df.jpg,kim,wikimedia-commons,CC BY 4.0,"<div class=""fn value"">
Lucien Hugoniot-Tissot</div>",https://commons.wikimedia.org/wiki/File:Pliers_(AM_2004.51.16-2).jpg
kim/73058f52c381a461.jpg,kim,openverse:flickr,by-sa 2.0,quinn.anya,https://www.flickr.com/photos/53326337@N00/27840978880
kim/74a125d9b10456d1.jpg,kim,openverse:flickr,by 2.0,informationtakesover,https://www.flickr.com/photos/74085708@N00/27556464811
kim/75e8a2858ee4ae8a.jpg,kim,openverse:flickr,by-nc-nd 2.0,hugojcardoso,https://www.flickr.com/photos/68759973@N00/13311091794
kim/76389cb6d5b7ef8a.jpg,kim,openverse:flickr,by-nd 2.0,osiristhe,https://www.flickr.com/photos/99658898@N00/4481739121
kim/78e2c0f6807481c2.jpg,kim,openimages,CC BY 2.0,,
kim/7ab8f7f66da56bc7.jpg,kim,wikimedia-commons,CC BY-SA 3.0,"<a href=""//commons.wikimedia.org/wiki/User:Mauro_Cateb"" title=""User:Mauro Cateb"">Mauro Cateb</a>",https://commons.wikimedia.org/wiki/File:Curving_a_wire_-_1.JPG
kim/7c7384183e8b8df3.jpg,kim,openverse:flickr,by-nc-sa 2.0,Eredien,https://www.flickr.com/photos/34981452@N08/7742758134
kim/7deaa8debae70d7b.jpg,kim,openimages,CC BY 2.0,,
kim/83c1396305299157.jpg,kim,openimages,CC BY 2.0,,
kim/882fbae2a261ed23.jpg,kim,wikimedia-commons,CC BY 4.0,"<div class=""fn value"">
not researched</div>",https://commons.wikimedia.org/wiki/File:Pliers_(AM_2004.51.24-3).jpg
kim/889c2f29be7b11cf.jpg,kim,openverse:flickr,by 2.0,Dano,https://www.flickr.com/photos/36101697408@N01/505104085
kim/8d0d0324d38558de.jpg,kim,openverse:flickr,by-nc-nd 2.0,Jesper2cv,https://www.flickr.com/photos/68614928@N00/4939156370
bua/8e66d128062302f2.jpg,bua,openverse:flickr,by-sa 2.0,Elle Rae_,https://www.flickr.com/photos/110382334@N05/11302996264
kim/8ee40d3c8dc3e5c1.jpg,kim,wikimedia-commons,Public domain,,https://commons.wikimedia.org/wiki/File:Strike_Branding.jpg
kim/8f67ef13ffa95970.jpg,kim,wikimedia-commons,CC BY-SA 4.0,"<a href=""//commons.wikimedia.org/w/index.php?title=User:Tanyuneng&amp;action=edit&amp;redlink=1"" class=""new"" title=""User","https://commons.wikimedia.org/wiki/File:Example_of_Structure_Trusses,_Frames_and_Machines.jpg"
kim/911e12231cc56020.jpg,kim,openimages,CC BY 2.0,,
kim/918e0491ac3938f2.jpg,kim,wikimedia-commons,CC BY-SA 4.0,"<a href=""//commons.wikimedia.org/w/index.php?title=User:RaquelRendo&amp;action=edit&amp;redlink=1"" class=""new"" title=""Us",https://commons.wikimedia.org/wiki/File:Alicates_(tipos).jpg
kim/929f847dc59fb493.jpg,kim,openverse:flickr,by-nc-sa 2.0,the justified sinner,https://www.flickr.com/photos/54799099@N00/3177863976
kim/92b123e01df1849e.jpg,kim,wikimedia-commons,CC BY-SA 2.0,"<a rel=""nofollow"" class=""external text"" href=""https://www.flickr.com/people/95021520@N00"">nrkbeta</a>",https://commons.wikimedia.org/wiki/File:Knipetang_(2260776536).jpg
kim/940eb956259591c6.jpg,kim,openverse:flickr,by 2.0,chimpwithcan,https://www.flickr.com/photos/188454520@N02/49902679047
kim/94a6d6826db148c7.jpg,kim,openverse:flickr,by-nc-nd 2.0,JoyVanBuhler,https://www.flickr.com/photos/47309822@N03/12063334186
kim/9558962c62e94f57.jpg,kim,openverse:flickr,by-nc-sa 2.0,adafruit,https://www.flickr.com/photos/35434449@N08/44816719374
kim/95f8bd1589b0273a.jpg,kim,openverse:flickr,by-nc-nd 2.0,tiemposdelruido,https://www.flickr.com/photos/27773276@N04/4052293404
kim/979abe0446cfbc95.jpg,kim,openverse:flickr,by-sa 2.0,Kimberlie Kohler,https://www.flickr.com/photos/68158050@N00/5542980497
kim/9863e6c1ee9316e8.jpg,kim,openverse:flickr,by-nc 2.0,happeningfish,https://www.flickr.com/photos/54759140@N00/305879819
kim/9961ae0216a8d534.jpg,kim,openverse:flickr,by 2.0,chimpwithcan,https://www.flickr.com/photos/188454520@N02/49906411381
kim/9b4dab66ed497d9d.jpg,kim,openimages,CC BY 2.0,,
kim/9b9ac31c4f1d3b24.jpg,kim,wikimedia-commons,CC BY 4.0,"<a href=""//commons.wikimedia.org/wiki/User:Kulmalukko"" title=""User:Kulmalukko"">Tiia Monto</a>",https://commons.wikimedia.org/wiki/File:Castration_pliers.jpg
kim/9c72cc9962ccc52c.jpg,kim,openverse:flickr,by-nc-sa 2.0,adafruit,https://www.flickr.com/photos/35434449@N08/9611367172
kim/9cf502badc6820d2.jpg,kim,wikimedia-commons,Public domain,Goele,https://commons.wikimedia.org/wiki/File:Mosaikzwickzange.png
kim/9d811a3daf390887.jpg,kim,openverse:flickr,by-nc-sa 2.0,iwasteela,https://www.flickr.com/photos/79582266@N00/14398583283
kim/9eb5239afa24782a.jpg,kim,openverse:flickr,by-nc-sa 2.0,tudedude,https://www.flickr.com/photos/53354512@N00/3587358186
kim/9fd197c201d04039.jpg,kim,openverse:flickr,by-nc-sa 2.0,adafruit,https://www.flickr.com/photos/35434449@N08/9611363914
kim/a77476cf01327e12.jpg,kim,openverse:flickr,by-nc-nd 2.0,debcll,https://www.flickr.com/photos/24002050@N07/4324552750
kim/a7fd00e2e45767c4.jpg,kim,wikimedia-commons,CC BY-SA 3.0,"<a href=""//commons.wikimedia.org/wiki/User:Mauro_Cateb"" title=""User:Mauro Cateb"">Mauro Cateb</a>",https://commons.wikimedia.org/wiki/File:Jewellery_pliers_(2).jpg
kim/ad02be06d9040933.jpg,kim,openverse:flickr,by 2.0,CustomUSB.com,https://www.flickr.com/photos/33570888@N03/5574734947
kim/ae3893d01cacb097.jpg,kim,openverse:flickr,by-nc-sa 2.0,adafruit,https://www.flickr.com/photos/35434449@N08/10407815716
kim/b0b176da432c2494.jpg,kim,wikimedia-commons,CC BY-SA 3.0,"The original uploader was <a href=""https://en.wikipedia.org/wiki/fr:User:Dominique_grassigli"" class=""extiw"" title=""w:fr:",https://commons.wikimedia.org/wiki/File:Pinceoutilbott.png
kim/b10a7a2fe5aabca8.jpg,kim,openverse:flickr,by 2.0,Mauro Cateb,https://www.flickr.com/photos/69102917@N06/16004720215
kim/b11130945178d540.jpg,kim,openverse:flickr,by 2.0,stiefkind,https://www.flickr.com/photos/52924836@N00/5427233375
kim/b1765e3d92d161e6.jpg,kim,openverse:flickr,by 2.0,oskay,https://www.flickr.com/photos/17425845@N00/2824326632
kim/b2a9e54bd7e83936.jpg,kim,openimages,CC BY 2.0,,
kim/b5107c9e4c1bf24c.jpg,kim,openverse:flickr,by-nc-sa 2.0,Carbon Arc,https://www.flickr.com/photos/41002268@N03/53594907839
kim/b56c50c9a6e50d2b.jpg,kim,openimages,CC BY 2.0,,
kim/b5f032d124421df8.jpg,kim,openverse:flickr,by-sa 2.0,tmib_seattle,https://www.flickr.com/photos/80897858@N00/749501706
kim/b69eb826ca14645b.jpg,kim,openverse:flickr,by-nc-nd 2.0,Scott..?,https://www.flickr.com/photos/35457712@N05/27939147103
kim/b901f3f4ad4e54cc.jpg,kim,openverse:flickr,by-nc-nd 2.0,photobunny,https://www.flickr.com/photos/71502646@N00/3055409176
kim/bf0e3f147edb8e51.jpg,kim,wikimedia-commons,CC BY-SA 3.0,"<a href=""//commons.wikimedia.org/wiki/User:Trace"" title=""User:Trace"">Trace</a>",https://commons.wikimedia.org/wiki/File:Pinces-et-cisaille.png
kim/c0da43e7088c8548.jpg,kim,openverse:rawpixel,cc0 1.0,,https://www.rawpixel.com/image/6870671/png-sticker-public-domain
kim/c1922dd5e3adef8c.jpg,kim,openverse:flickr,by-nc-sa 2.0,Darren Hsu,https://www.flickr.com/photos/50846507@N00/10886122344
kim/c2a5742cc915c9e2.jpg,kim,wikimedia-commons,CC BY-SA 3.0 fr,"<a href=""//commons.wikimedia.org/wiki/User:Rama"" title=""User:Rama"">Rama</a>",https://commons.wikimedia.org/wiki/File:Tongue-and-groove_pliers-EyYsD1fWQAcfzpM.jpeg
kim/c4d3f7cde3b8d52e.jpg,kim,wikimedia-commons,CC BY-SA 4.0,"<a href=""//commons.wikimedia.org/wiki/User:Basingo"" title=""User:Basingo"">Basingo</a>",https://commons.wikimedia.org/wiki/File:Kombinationst%C3%A5ng.jpg
kim/c4dac18e4d073a06.jpg,kim,wikimedia-commons,CC BY 4.0,"<div class=""fn value"">
Lucien Hugoniot-Tissot</div>",https://commons.wikimedia.org/wiki/File:Pliers_(AM_2004.44.2-2).jpg
kim/c5dd302ff2da470c.jpg,kim,wikimedia-commons,CC BY-SA 4.0,"<a href=""//commons.wikimedia.org/wiki/User:Petar43"" title=""User:Petar43"">Petar43</a>",https://commons.wikimedia.org/wiki/File:Pinza_25a.JPG
kim/c6c6b5f44a58533e.jpg,kim,openverse:flickr,by-nd 2.0,osiristhe,https://www.flickr.com/photos/99658898@N00/4482387178
kim/c8111b19e9c24617.jpg,kim,wikimedia-commons,CC BY 2.0,"<a rel=""nofollow"" class=""external text"" href=""https://www.flickr.com/people/194951624@N02"">Joost J. Bakker  IJmuiden</a>",https://commons.wikimedia.org/wiki/File:E.A._Berg_Pliers_2621-6_Sweden_(51879809742).jpg
kim/c866a2586e590026.jpg,kim,wikimedia-commons,CC BY 4.0,"<div class=""fn value"">
Lucien Hugoniot-Tissot</div>",https://commons.wikimedia.org/wiki/File:Pliers_(AM_2004.44.2-9).jpg
kim/ca26c2863417e039.jpg,kim,openverse:flickr,by-nc-sa 2.0,adafruit,https://www.flickr.com/photos/35434449@N08/8403510874
kim/cd5a0f37d034d0f5.jpg,kim,openverse:flickr,by 2.0,The Marmot,https://www.flickr.com/photos/38142119@N00/16592738272
kim/ce49767cd3d4f14d.jpg,kim,openverse:flickr,by 2.0,afromusing,https://www.flickr.com/photos/54879137@N00/8498962673
kim/cf4d8b9db0d81ca6.jpg,kim,openverse:flickr,by-nc-sa 2.0,tudedude,https://www.flickr.com/photos/53354512@N00/12586965553
mo_let/d0e37159e44a7064.jpg,mo_let,openverse:flickr,by 2.0,CharmaineZoe's Marvelous Melange,https://www.flickr.com/photos/53499099@N00/50101297182
kim/d28051a86b0053e1.jpg,kim,wikimedia-commons,CC BY-SA 3.0,"The original uploader was <a href=""https://en.wikipedia.org/wiki/User:Securiger"" class=""extiw"" title=""wikipedia:User:Sec",https://commons.wikimedia.org/wiki/File:Side_cutters.jpg
kim/d2cd44234bcd4f8b.jpg,kim,openverse:flickr,by-sa 2.0,SSC-Aviation,https://www.flickr.com/photos/116745893@N02/12640076465
kim/d3c94bbc21d11684.jpg,kim,openverse:flickr,by-nc-sa 2.0,the justified sinner,https://www.flickr.com/photos/54799099@N00/3177857240
kim/d7586623b2dddc96.jpg,kim,openverse:rawpixel,cc0 1.0,,https://www.rawpixel.com/image/6864601/vector-sticker-public-domain-illustrations
kim/d88717543cea7802.jpg,kim,openverse:flickr,by-nc-nd 2.0,Jarod Carruthers,https://www.flickr.com/photos/21099144@N06/4808851172
kim/d946bfdbe79c9c42.jpg,kim,openverse:flickr,by-nc-sa 2.0,the justified sinner,https://www.flickr.com/photos/54799099@N00/3177041853
kim/d954527f7f591f0f.jpg,kim,wikimedia-commons,CC BY-SA 4.0,"<a href=""//commons.wikimedia.org/wiki/User:Petar43"" title=""User:Petar43"">Petar43</a>",https://commons.wikimedia.org/wiki/File:Pinza10a.JPG
kim/d9cffe5c6b925ea0.jpg,kim,wikimedia-commons,CC BY 2.0,"<a rel=""nofollow"" class=""external text"" href=""https://www.flickr.com/people/194951624@N02"">Joost J. Bakker  IJmuiden</a>",https://commons.wikimedia.org/wiki/File:Ankor_Toolls_pliers_(51880872593).jpg
kim/da7a835cbfa85c56.jpg,kim,openverse:flickr,by-sa 2.0,codersquid,https://www.flickr.com/photos/45421351@N00/3872921812
kim/dcc2127481aaca12.jpg,kim,wikimedia-commons,Public domain,,https://commons.wikimedia.org/wiki/File:Canvas_Stretching_Pliers_Used_by_Gustav_Goetsch_-_DPLA_-_9c8185de34ae0b7fd7c8fa83fe936128_(page_1).jpg
kim/dcdc39a8d103d10e.jpg,kim,openverse:flickr,by-nc-sa 2.0,newmanufactory,https://www.flickr.com/photos/41572320@N02/4787054508
kim/dcfe3c326705bf8a.jpg,kim,openverse:flickr,by-nc-sa 2.0,newmanufactory,https://www.flickr.com/photos/41572320@N02/4546292755
kim/dda8692b4e26c2a2.jpg,kim,openverse:flickr,by-nc-sa 2.0,Collin Mel,https://www.flickr.com/photos/32608413@N00/4223247193
kim/e00ffa4a33dad7b3.jpg,kim,wikimedia-commons,CC BY 2.0,"<a rel=""nofollow"" class=""external text"" href=""https://www.flickr.com/people/194951624@N02"">Joost J. Bakker  IJmuiden</a>",https://commons.wikimedia.org/wiki/File:Candidus_Pliers_KL_(Dutch_army)_(51880855578).jpg
kim/e0cbea117fc4f949.jpg,kim,openverse:wikimedia,by-sa 2.0,oomlout,https://commons.wikimedia.org/w/index.php?curid=19866587
kim/e3a3b13051945187.jpg,kim,openverse:flickr,by 2.0,aplumb,https://www.flickr.com/photos/81685076@N00/5228461569
kim/e506ac0801f629da.jpg,kim,openverse:flickr,by-sa 2.0,nrkbeta,https://www.flickr.com/photos/95021520@N00/2260776536
kim/e65152e9695da3c6.jpg,kim,openverse:flickr,by 2.0,Tannaidhe,https://www.flickr.com/photos/40276622@N07/8368627494
kim/e7058bd1db2f1b85.jpg,kim,openverse:flickr,by-nc-sa 2.0,tudedude,https://www.flickr.com/photos/53354512@N00/3744526540
kim/e75224928f3de2d2.jpg,kim,openverse:flickr,by 2.0,Hardcast65,https://www.flickr.com/photos/66958833@N05/6589431495
kim/e7dd9003726df843.jpg,kim,wikimedia-commons,CC BY-SA 3.0,"<a href=""//commons.wikimedia.org/wiki/User:Mauro_Cateb"" title=""User:Mauro Cateb"">Mauro Cateb</a>",https://commons.wikimedia.org/wiki/File:Draw_tong.jpg
kim/e8a13df4f3cd690c.jpg,kim,openimages,CC BY 2.0,,
kim/e8f621c02a2775a0.jpg,kim,openverse:flickr,by 2.0,geishaboy500,https://www.flickr.com/photos/49503154413@N01/4241037853
kim/ea2195a8809be852.jpg,kim,openverse:flickr,by-nc-sa 2.0,adafruit,https://www.flickr.com/photos/35434449@N08/10407824136
kim/ea27010bd2a7e712.jpg,kim,openverse:flickr,by-nc-sa 2.0,zen,https://www.flickr.com/photos/54289096@N00/3485311
kim/eba9b2a5bf2b4b9b.jpg,kim,openimages,CC BY 2.0,,
kim/ec6f4c06e51f1e0f.jpg,kim,openimages,CC BY 2.0,,
kim/ee558d1b0d148566.jpg,kim,openverse:flickr,by-nc-nd 2.0,Anders Illum,https://www.flickr.com/photos/27631936@N05/6813685310
kim/efd63772c1848cd5.jpg,kim,openverse:flickr,by-nc-sa 2.0,Charos Pix,https://www.flickr.com/photos/98609459@N08/28842377888
kim/f055771e11634055.jpg,kim,openverse:flickr,by-nc-sa 2.0,Old Shoe Woman,https://www.flickr.com/photos/83955435@N00/20280107
kim/f3a611c55362b8e5.jpg,kim,openverse:wikimedia,by-sa 3.0,Adamantios,https://commons.wikimedia.org/w/index.php?curid=4759210
giua/f48b911ec4f3700e.jpg,giua,openverse:flickr,by-nc-sa 2.0,NedraI,https://www.flickr.com/photos/7855946@N08/29018338533
kim/f4f9f418a3561d1e.jpg,kim,openverse:flickr,by 2.0,misteraitch,https://www.flickr.com/photos/36521968871@N01/4724164543
kim/f556f2ad6adc6d3e.jpg,kim,openverse:flickr,by-nc 2.0,Jeremy Brooks,https://www.flickr.com/photos/85853333@N00/3512240528
kim/f560689d3a1869d9.jpg,kim,openverse:rawpixel,cc0 1.0,,https://www.rawpixel.com/image/6866158/image-public-domain-illustrations-red
kim/f587745319f84e7f.jpg,kim,openimages,CC BY 2.0,,
kim/f58f7e8a1e400047.jpg,kim,openverse:flickr,by-nc-sa 2.0,newmanufactory,https://www.flickr.com/photos/41572320@N02/4787041918
kim/f665ac07eb384d52.jpg,kim,openimages,CC BY 2.0,,
kim/f74b3fbfd005fd1f.jpg,kim,openverse:flickr,by-nc-sa 2.0,adafruit,https://www.flickr.com/photos/35434449@N08/14916315653
kim/f867740c343277de.jpg,kim,openverse:flickr,by-nd 2.0,RoboGenius,https://www.flickr.com/photos/61091365@N02/5626582104
kim/f891da35286cdb9e.jpg,kim,openverse:flickr,by-nc-sa 2.0,conradh,https://www.flickr.com/photos/51035665745@N01/14299155713
kim/fa9cc2c6a3b58258.jpg,kim,openverse:flickr,by 2.0,Hardcast65,https://www.flickr.com/photos/66958833@N05/6175965188
kim/fb17a22b6e7449ff.jpg,kim,wikimedia-commons,CC BY-SA 4.0,"<table style=""margin: 2.0em; background-color:#F5F219; border-top:35px solid #0813F9; padding:1px;"" cellspacing=""5"">
<tb",https://commons.wikimedia.org/wiki/File:%D0%9A%D0%BE%D1%81%D0%B8%D0%BB%D1%8C%D0%BD%D0%B0_%D1%81%D1%82%D1%80%D1%83%D0%BD%D0%B0_%D1%96_%D0%B1%D0%BE%D0%BA%D0%BE%D1%80%D1%96%D0%B7_-_20260808_112402.jpg
kim/fbce1da61a071d0b.jpg,kim,openverse:flickr,by-nc-sa 2.0,tudedude,https://www.flickr.com/photos/53354512@N00/10749387904
kim/fc80cd090b54acf3.jpg,kim,openverse:flickr,by 2.0,ArturoYee,https://www.flickr.com/photos/57412095@N05/12822800605
kim/fca4afa227aee672.jpg,kim,openverse:flickr,by-nc-sa 2.0,saxoncampbell,https://www.flickr.com/photos/39639861@N05/4350792938
kim/fce49260bf5c60da.jpg,kim,openverse:flickr,by-nc-sa 2.0,adafruit,https://www.flickr.com/photos/35434449@N08/8739755052
kim/fd0741e03a9df130.jpg,kim,openverse:flickr,by-nc-nd 2.0,Helmetti,https://www.flickr.com/photos/95901200@N00/116879082
kim/fd51725d0b014550.jpg,kim,wikimedia-commons,CC BY 4.0,"<div class=""fn value"">
not researched</div>",https://commons.wikimedia.org/wiki/File:Pliers_(AM_2004.51.24-1).jpg
kim/fd61595392f64d0f.jpg,kim,openverse:flickr,by-nc-sa 2.0,adafruit,https://www.flickr.com/photos/35434449@N08/31669682608
kim/fd6330118638ec1f.jpg,kim,openverse:flickr,by-sa 2.0,SSC-Aviation,https://www.flickr.com/photos/116745893@N02/12640076575
mo_let/056dfd7f917788dd.jpg,mo_let,openverse:flickr,by-nc-sa 2.0,bilobicles bag,https://www.flickr.com/photos/18794661@N00/8362691143
mo_let/05d366e2fc6b3e29.jpg,mo_let,openverse:flickr,by-nc-sa 2.0,tudedude,https://www.flickr.com/photos/53354512@N00/5430042915
mo_let/151d02c2a8ae28b8.jpg,mo_let,openverse:flickr,by-nc-sa 2.0,teachingsagittarian,https://www.flickr.com/photos/10747684@N00/5541462203
mo_let/19c6d619436b2dc5.jpg,mo_let,openverse:rawpixel,cc0 1.0,,https://www.rawpixel.com/image/6870697/png-sticker-public-domain
mo_let/1a046ead6ee579d4.jpg,mo_let,openverse:rawpixel,cc0 1.0,,https://www.rawpixel.com/image/6488139/image-vintage-public-domain-illustrations
mo_let/1a647158053d98b7.jpg,mo_let,openverse:flickr,by-nc-sa 2.0,ryry9379,https://www.flickr.com/photos/22736462@N07/19041175103
kim/22d37845b13062d3.jpg,kim,openverse:flickr,by-nc-sa 2.0,jjay69,https://www.flickr.com/photos/13408725@N03/5041718713
mo_let/2721a066e2f21f9c.jpg,mo_let,openverse:flickr,by-nc-sa 2.0,Noel C. Hankamer,https://www.flickr.com/photos/12926199@N08/4590200982
mo_let/2ef81ecfa6e3475c.jpg,mo_let,openverse:rawpixel,cc0 1.0,,https://www.rawpixel.com/image/6866298/image-public-domain-illustrations-free
mo_let/3833b5fea5019122.jpg,mo_let,openimages,CC BY 2.0,,
mo_let/3c99f5afd42d3a03.jpg,mo_let,openverse:flickr,by-nc-sa 2.0,musubk,https://www.flickr.com/photos/37564545@N04/32923152812
mo_let/4318b99f045913f1.jpg,mo_let,openverse:flickr,by-nc-sa 2.0,treedork,https://www.flickr.com/photos/46145831@N00/306260898
mo_let/57e88ad1d2c4b7d3.jpg,mo_let,openverse:flickr,by-nc-sa 2.0,pszz,https://www.flickr.com/photos/130648318@N06/39645192570
mo_let/59b483c429016f7a.jpg,mo_let,openverse:flickr,by-nc-sa 2.0,whiteforge,https://www.flickr.com/photos/33975828@N03/4677583386
mo_let/6207f2caa824802d.jpg,mo_let,openverse:rawpixel,cc0 1.0,,https://www.rawpixel.com/image/6481411/image-public-domain-illustrations-free
mo_let/62301c0c6d571a69.jpg,mo_let,openverse:flickr,by-nc-sa 2.0,Noel C. Hankamer,https://www.flickr.com/photos/12926199@N08/4110336497
mo_let/68e78db2cdcb74f0.jpg,mo_let,openverse:flickr,by-nc-sa 2.0,teachingsagittarian,https://www.flickr.com/photos/10747684@N00/5541461807
mo_let/693eeb17dcef3b8a.jpg,mo_let,openverse:flickr,by-sa 2.0,SSC-Aviation,https://www.flickr.com/photos/116745893@N02/12464385894
mo_let/70abee50c5019d91.jpg,mo_let,openverse:thingiverse,cc0 1.0,Francois Vachon,https://www.thingiverse.com/thing:1717248
mo_let/71ec1e5b9632327f.jpg,mo_let,openverse:flickr,by-nd 2.0,Andrew E. Larsen,https://www.flickr.com/photos/38551575@N00/3819228213
mo_let/7c281cacb740bc00.jpg,mo_let,openverse:rawpixel,cc0 1.0,,https://www.rawpixel.com/image/6488155/vector-sticker-vintage-public-domain
mo_let/80df24ac77253b96.jpg,mo_let,openverse:flickr,by-nc-nd 2.0,Adam Zolyak,https://www.flickr.com/photos/70548123@N00/48472507071
mo_let/86d75c8ea8f80bb5.jpg,mo_let,openverse:flickr,by-nc-sa 2.0,jeffharbert,https://www.flickr.com/photos/15488734@N00/4342852221
mo_let/92885784f058a448.jpg,mo_let,openverse:rawpixel,cc0 1.0,,https://www.rawpixel.com/image/6864714/vector-sticker-public-domain-illustrations
mo_let/9cd7a71f5785e5ac.jpg,mo_let,openverse:flickr,by-nc-nd 2.0,photobunny,https://www.flickr.com/photos/71502646@N00/3054576599
mo_let/a1c53e7830f6c6c1.jpg,mo_let,openverse:flickr,by-nc-sa 2.0,whiteforge,https://www.flickr.com/photos/33975828@N03/4419008450
mo_let/ac69cb9bbe292b3f.jpg,mo_let,wikimedia-commons,CC0,"<a href=""//commons.wikimedia.org/wiki/User:Simonxag"" title=""User:Simonxag"">Simon Speed</a>",https://commons.wikimedia.org/wiki/File:MonkeyWrench1A.JPG
mo_let/afab7d82547c4d2c.jpg,mo_let,openverse:flickr,by-nc-nd 2.0,Tom Held,https://www.flickr.com/photos/29525169@N08/3218951576
mo_let/b1d25c5edaec6901.jpg,mo_let,openverse:flickr,by-nc-sa 2.0,whiteforge,https://www.flickr.com/photos/33975828@N03/4139380387
mo_let/b540958b77b557c4.jpg,mo_let,openverse:wikimedia,by-sa 3.0,User: MrX,https://commons.wikimedia.org/w/index.php?curid=38610116
mo_let/b5a0ed57a8917073.jpg,mo_let,wikimedia-commons,CC0,"<a href=""//commons.wikimedia.org/wiki/User:Simonxag"" title=""User:Simonxag"">Simon Speed</a>",https://commons.wikimedia.org/wiki/File:MonkeyWrench1B.JPG
mo_let/c55c1325ee4d7a1e.jpg,mo_let,openverse:flickr,by-nc 2.0,𐂀 jgraham,https://www.flickr.com/photos/13968020@N00/3266606274
mo_let/c81aa71bd9457e9c.jpg,mo_let,openverse:flickr,by-sa 2.0,PutnamEco,https://www.flickr.com/photos/13643568@N03/4329730139
mo_let/ce9cacd3c9376abb.jpg,mo_let,openverse:thingiverse,cc0 1.0,Francois Vachon,https://www.thingiverse.com/thing:1717248
mo_let/d1b947d9300b1c7d.jpg,mo_let,openverse:flickr,by-nc-sa 2.0,teachingsagittarian,https://www.flickr.com/photos/10747684@N00/5541462609
mo_let/e2004d983dad5c86.jpg,mo_let,openverse:flickr,by-nc-sa 2.0,Noel C. Hankamer,https://www.flickr.com/photos/12926199@N08/3482088468
kim/eb2f7940809c279c.jpg,kim,openverse:flickr,by 2.0,HomeSpot HQ,https://www.flickr.com/photos/86639298@N02/8559726763
giua/f46bdc14aa702505.jpg,giua,openverse:flickr,by-nc-nd 2.0,ATOMIC Hot Links,https://www.flickr.com/photos/7552532@N07/25321974214
mo_let/f6bc7070d701c520.jpg,mo_let,openverse:flickr,by-nd 2.0,CG Hughes,https://www.flickr.com/photos/71217551@N00/31107272
mo_let/f9593a3349dbc2c8.jpg,mo_let,wikimedia-commons,CC BY-SA 4.0,"<a href=""//commons.wikimedia.org/wiki/User:Fran%C3%A7ois_GOGLINS"" title=""User:François GOGLINS"">François GOGLINS</a>",https://commons.wikimedia.org/wiki/File:Cl%C3%A9_%C3%A0_cr%C3%A9maill%C3%A8re-01.jpg
nen/002cabaae966cbe7.jpg,nen,openimages,CC BY 2.0,,https://storage.googleapis.com/openimages/web/visualizer/index.html?image=c9f203719bb37da4
nen/00759fa74926fefd.jpg,nen,openimages,CC BY 2.0,,https://storage.googleapis.com/openimages/web/visualizer/index.html?image=c2e0e98ad4e89447
nen/01b65f43f5870973.jpg,nen,openimages,CC BY 2.0,,https://storage.googleapis.com/openimages/web/visualizer/index.html?image=0c9cb3dc8c822c1a
nen/027061aac8fca777.jpg,nen,openimages,CC BY 2.0,,https://storage.googleapis.com/openimages/web/visualizer/index.html?image=02a0b26f3e94e09f
nen/035848ea20b523af.jpg,nen,openimages,CC BY 2.0,,https://storage.googleapis.com/openimages/web/visualizer/index.html?image=d09bb64e37d87e28
nen/042bbf18814878f8.jpg,nen,openimages,CC BY 2.0,,https://storage.googleapis.com/openimages/web/visualizer/index.html?image=966ee240bd322aa3
nen/047c49d174529b1c.jpg,nen,openimages,CC BY 2.0,,https://storage.googleapis.com/openimages/web/visualizer/index.html?image=b1422046bfa003b3
nen/04d8c3ca14f7f9ed.jpg,nen,openimages,CC BY 2.0,,https://storage.googleapis.com/openimages/web/visualizer/index.html?image=a904d99067478938
nen/04e3d03770b96a4d.jpg,nen,openimages,CC BY 2.0,,https://storage.googleapis.com/openimages/web/visualizer/index.html?image=d2627099e71b2d59
nen/0523e2f07779c86f.jpg,nen,openimages,CC BY 2.0,,https://storage.googleapis.com/openimages/web/visualizer/index.html?image=0a49cb2118103bed
nen/053b01103d5fd204.jpg,nen,openimages,CC BY 2.0,,https://storage.googleapis.com/openimages/web/visualizer/index.html?image=3b545a559dcfd26d
nen/057e3bf8c5892ba4.jpg,nen,openimages,CC BY 2.0,,https://storage.googleapis.com/openimages/web/visualizer/index.html?image=f2e588d019743866
nen/05d17ce446607301.jpg,nen,openimages,CC BY 2.0,,https://storage.googleapis.com/openimages/web/visualizer/index.html?image=0ee7ec3094444506
nen/06287f83fd25f384.jpg,nen,openimages,CC BY 2.0,,https://storage.googleapis.com/openimages/web/visualizer/index.html?image=14f6b04ad341c3f0
nen/062e8b9aa1fcb42b.jpg,nen,openimages,CC BY 2.0,,https://storage.googleapis.com/openimages/web/visualizer/index.html?image=6c77e8d76c96ac55
nen/063cc6d40e17f951.jpg,nen,openimages,CC BY 2.0,,https://storage.googleapis.com/openimages/web/visualizer/index.html?image=f3cbd0e7e3f87ae1
nen/068c1183526a1c2e.jpg,nen,openimages,CC BY 2.0,,https://storage.googleapis.com/openimages/web/visualizer/index.html?image=23616202bf01f4a0
nen/075bc530d88391b7.jpg,nen,openimages,CC BY 2.0,,https://storage.googleapis.com/openimages/web/visualizer/index.html?image=3aba971d8bba7584
nen/081a40bd9cf42ed5.jpg,nen,openimages,CC BY 2.0,,https://storage.googleapis.com/openimages/web/visualizer/index.html?image=0c31b73d78c01b62
nen/089a865ab436a251.jpg,nen,openimages,CC BY 2.0,,https://storage.googleapis.com/openimages/web/visualizer/index.html?image=99a7b80db4ef3612
nen/0bae9cbe2434d6f3.jpg,nen,openimages,CC BY 2.0,,https://storage.googleapis.com/openimages/web/visualizer/index.html?image=26ebe841f8563ffc
nen/0bf723e7512cfedf.jpg,nen,openimages,CC BY 2.0,,https://storage.googleapis.com/openimages/web/visualizer/index.html?image=f9e4347b14a5dfd8
nen/0bf8b19f8094b549.jpg,nen,openimages,CC BY 2.0,,https://storage.googleapis.com/openimages/web/visualizer/index.html?image=7169640e5dd65152
nen/0c7c59fc979a4553.jpg,nen,openimages,CC BY 2.0,,https://storage.googleapis.com/openimages/web/visualizer/index.html?image=b7d4e90eddad50ac
nen/0ce0d6d4ab68f461.jpg,nen,openimages,CC BY 2.0,,https://storage.googleapis.com/openimages/web/visualizer/index.html?image=52ded22aad84e594
nen/0d51456511e8946a.jpg,nen,openimages,CC BY 2.0,,https://storage.googleapis.com/openimages/web/visualizer/index.html?image=d4e14650f1eb04bc
nen/0e3374b3747f3857.jpg,nen,openimages,CC BY 2.0,,https://storage.googleapis.com/openimages/web/visualizer/index.html?image=b676e55ebc58bd04
nen/0e67e014ea713878.jpg,nen,openimages,CC BY 2.0,,https://storage.googleapis.com/openimages/web/visualizer/index.html?image=1a381394f93c54a8
nen/0e8998eb464658b5.jpg,nen,openimages,CC BY 2.0,,https://storage.googleapis.com/openimages/web/visualizer/index.html?image=7358eeb8c027608e
nen/0efdac99e8470059.jpg,nen,openimages,CC BY 2.0,,https://storage.googleapis.com/openimages/web/visualizer/index.html?image=02dece5af5e458eb
nen/0f60fa99f1a4130b.jpg,nen,openimages,CC BY 2.0,,https://storage.googleapis.com/openimages/web/visualizer/index.html?image=410bc871faf152bf
nen/0fda9a58f368c23c.jpg,nen,openimages,CC BY 2.0,,https://storage.googleapis.com/openimages/web/visualizer/index.html?image=68afed98b9439694
nen/106316c742f0847b.jpg,nen,openimages,CC BY 2.0,,https://storage.googleapis.com/openimages/web/visualizer/index.html?image=931741cb21546d14
nen/11f987f56c4d9f4f.jpg,nen,openimages,CC BY 2.0,,https://storage.googleapis.com/openimages/web/visualizer/index.html?image=2d154d74323b5855
nen/1237099e5ae7dea1.jpg,nen,openimages,CC BY 2.0,,https://storage.googleapis.com/openimages/web/visualizer/index.html?image=631fedc223ae10a4
nen/12e01b9472ae6bca.jpg,nen,openimages,CC BY 2.0,,https://storage.googleapis.com/openimages/web/visualizer/index.html?image=94de861d1917f49c
nen/132c9651f6652634.jpg,nen,openimages,CC BY 2.0,,https://storage.googleapis.com/openimages/web/visualizer/index.html?image=b205e640000459ce
nen/139746e6b03bfe93.jpg,nen,openimages,CC BY 2.0,,https://storage.googleapis.com/openimages/web/visualizer/index.html?image=de357c5b8164882a
nen/142cf9b9f31a92a6.jpg,nen,openimages,CC BY 2.0,,https://storage.googleapis.com/openimages/web/visualizer/index.html?image=5c8bef6469c55f78
nen/144f89948c883668.jpg,nen,openimages,CC BY 2.0,,https://storage.googleapis.com/openimages/web/visualizer/index.html?image=177da0d178e6e2fe
nen/147e405711b30782.jpg,nen,openimages,CC BY 2.0,,https://storage.googleapis.com/openimages/web/visualizer/index.html?image=d99a5ff35f7a47a5
nen/155102722341b21c.jpg,nen,openimages,CC BY 2.0,,https://storage.googleapis.com/openimages/web/visualizer/index.html?image=00714713b6efe93e
nen/15ef9d40ef9e0065.jpg,nen,openimages,CC BY 2.0,,https://storage.googleapis.com/openimages/web/visualizer/index.html?image=4cab0c765c66b683
nen/162f2fdcbaa13c97.jpg,nen,openimages,CC BY 2.0,,https://storage.googleapis.com/openimages/web/visualizer/index.html?image=dd5b456818c94343
nen/16d56bc1dc60ffb0.jpg,nen,openimages,CC BY 2.0,,https://storage.googleapis.com/openimages/web/visualizer/index.html?image=0402d65aa4660bc4
nen/18205d18eefec0ea.jpg,nen,openimages,CC BY 2.0,,https://storage.googleapis.com/openimages/web/visualizer/index.html?image=c46dacc82de20e9d
nen/184d3b17bd082e51.jpg,nen,openimages,CC BY 2.0,,https://storage.googleapis.com/openimages/web/visualizer/index.html?image=9e2fc2c85ca206ac
nen/18f57e102d56b2ab.jpg,nen,openimages,CC BY 2.0,,https://storage.googleapis.com/openimages/web/visualizer/index.html?image=e5d65c800c10c604
nen/19a2ab77bca4846b.jpg,nen,openimages,CC BY 2.0,,https://storage.googleapis.com/openimages/web/visualizer/index.html?image=012d48f9e44d30bc
nen/1a805a32c2fa0cb8.jpg,nen,openimages,CC BY 2.0,,https://storage.googleapis.com/openimages/web/visualizer/index.html?image=4f1bf54cdd03d2e4
nen/1b349ff37cb36524.jpg,nen,openimages,CC BY 2.0,,https://storage.googleapis.com/openimages/web/visualizer/index.html?image=6fd4de435543f980
nen/1b87fc901103451f.jpg,nen,openimages,CC BY 2.0,,https://storage.googleapis.com/openimages/web/visualizer/index.html?image=23f6868e5948cb44
nen/1cee6b7e262ebf67.jpg,nen,openimages,CC BY 2.0,,https://storage.googleapis.com/openimages/web/visualizer/index.html?image=28431d4b9c26cded
nen/1d05ac444944ceca.jpg,nen,openimages,CC BY 2.0,,https://storage.googleapis.com/openimages/web/visualizer/index.html?image=98dce2f2db622bc2
nen/1d1147eba7002df8.jpg,nen,openimages,CC BY 2.0,,https://storage.googleapis.com/openimages/web/visualizer/index.html?image=cb41b00786a5eba3
nen/1d297c95591fb52b.jpg,nen,openimages,CC BY 2.0,,https://storage.googleapis.com/openimages/web/visualizer/index.html?image=fa93fa324efd5feb
nen/1d8dba1ab15bf0c7.jpg,nen,openimages,CC BY 2.0,,https://storage.googleapis.com/openimages/web/visualizer/index.html?image=a6cc7042712b663b
nen/1d9e14b1bc5f2f81.jpg,nen,openimages,CC BY 2.0,,https://storage.googleapis.com/openimages/web/visualizer/index.html?image=0ca435f9c9df3f76
nen/1dd4220e81184fe4.jpg,nen,openimages,CC BY 2.0,,https://storage.googleapis.com/openimages/web/visualizer/index.html?image=f77d09ab263a1e25
nen/1deeb6a1134efd2e.jpg,nen,openimages,CC BY 2.0,,https://storage.googleapis.com/openimages/web/visualizer/index.html?image=002d1a03bbb3bd66
nen/1e4f4fc64a616d34.jpg,nen,openimages,CC BY 2.0,,https://storage.googleapis.com/openimages/web/visualizer/index.html?image=d5f08dc7fdce2e24
nen/1e56bf3299ea843a.jpg,nen,openimages,CC BY 2.0,,https://storage.googleapis.com/openimages/web/visualizer/index.html?image=9ace6ca81b8ed28b
nen/1ee256fb5be333db.jpg,nen,openimages,CC BY 2.0,,https://storage.googleapis.com/openimages/web/visualizer/index.html?image=73d8117862a63368
nen/1eff86db9a70f20a.jpg,nen,openimages,CC BY 2.0,,https://storage.googleapis.com/openimages/web/visualizer/index.html?image=26cded85caa4ddc8
nen/1f2db8f237b6a743.jpg,nen,openimages,CC BY 2.0,,https://storage.googleapis.com/openimages/web/visualizer/index.html?image=c5351b03128c2230
nen/20278253217c0b4c.jpg,nen,openimages,CC BY 2.0,,https://storage.googleapis.com/openimages/web/visualizer/index.html?image=46cb8d6db6e779a0
nen/20c0bfe43bc3fe98.jpg,nen,openimages,CC BY 2.0,,https://storage.googleapis.com/openimages/web/visualizer/index.html?image=1d2df011edc0e69f
nen/20e224aae41102e2.jpg,nen,openimages,CC BY 2.0,,https://storage.googleapis.com/openimages/web/visualizer/index.html?image=0228dd6052dfa654
nen/2140b2ba7c5c42db.jpg,nen,openimages,CC BY 2.0,,https://storage.googleapis.com/openimages/web/visualizer/index.html?image=002d1b6fd06ba116
nen/21c9a9d362c380ba.jpg,nen,openimages,CC BY 2.0,,https://storage.googleapis.com/openimages/web/visualizer/index.html?image=1311dcc534e4e1cf
nen/22519a4f184b9ea3.jpg,nen,openimages,CC BY 2.0,,https://storage.googleapis.com/openimages/web/visualizer/index.html?image=9b8d50de349c1154
nen/225d2ade9fa6db58.jpg,nen,openimages,CC BY 2.0,,https://storage.googleapis.com/openimages/web/visualizer/index.html?image=074db2ecc24dc43d
nen/233a98b0b7a131fc.jpg,nen,openimages,CC BY 2.0,,https://storage.googleapis.com/openimages/web/visualizer/index.html?image=ffe0c7345850b998
nen/233c0792a19f07df.jpg,nen,openimages,CC BY 2.0,,https://storage.googleapis.com/openimages/web/visualizer/index.html?image=a9b1d35c79564b6a
nen/2420bee308cc8dc0.jpg,nen,openimages,CC BY 2.0,,https://storage.googleapis.com/openimages/web/visualizer/index.html?image=f83d9d0c31955ec6
nen/2495e581108a1c83.jpg,nen,openimages,CC BY 2.0,,https://storage.googleapis.com/openimages/web/visualizer/index.html?image=2f66415d41e8bce4
nen/24e14829330f305d.jpg,nen,openimages,CC BY 2.0,,https://storage.googleapis.com/openimages/web/visualizer/index.html?image=ae365274cf9ce470
nen/252b759180375296.jpg,nen,openimages,CC BY 2.0,,https://storage.googleapis.com/openimages/web/visualizer/index.html?image=02a1642322984086
nen/2587e8f0639e3b6f.jpg,nen,openimages,CC BY 2.0,,https://storage.googleapis.com/openimages/web/visualizer/index.html?image=78a5addc43b7ac8e
nen/25acd8ff93542c7d.jpg,nen,openimages,CC BY 2.0,,https://storage.googleapis.com/openimages/web/visualizer/index.html?image=47f61bb72c0cf929
nen/25bcadde6c79245b.jpg,nen,openimages,CC BY 2.0,,https://storage.googleapis.com/openimages/web/visualizer/index.html?image=9f392e3cd41cb148
nen/2620453ddc695af5.jpg,nen,openimages,CC BY 2.0,,https://storage.googleapis.com/openimages/web/visualizer/index.html?image=8c267db0fd398e88
nen/2670120e5c9accff.jpg,nen,openimages,CC BY 2.0,,https://storage.googleapis.com/openimages/web/visualizer/index.html?image=05749a33b1e22b66
nen/26b6f14dbe4f905f.jpg,nen,openimages,CC BY 2.0,,https://storage.googleapis.com/openimages/web/visualizer/index.html?image=6aefa2b2d338d8ae
nen/2783f4a6ef6d7150.jpg,nen,openimages,CC BY 2.0,,https://storage.googleapis.com/openimages/web/visualizer/index.html?image=8101053e016867f5
nen/27fe8db519e7f299.jpg,nen,openimages,CC BY 2.0,,https://storage.googleapis.com/openimages/web/visualizer/index.html?image=e68298fd2f2395c0
nen/28a665058d0b6ddc.jpg,nen,openimages,CC BY 2.0,,https://storage.googleapis.com/openimages/web/visualizer/index.html?image=14ee4de18ed67663
nen/2912b904326c0cf0.jpg,nen,openimages,CC BY 2.0,,https://storage.googleapis.com/openimages/web/visualizer/index.html?image=1988b5e47736b31e
nen/292fa13a0ad0c8b9.jpg,nen,openimages,CC BY 2.0,,https://storage.googleapis.com/openimages/web/visualizer/index.html?image=c00693dbd074a273
nen/29c0321a014a38eb.jpg,nen,openimages,CC BY 2.0,,https://storage.googleapis.com/openimages/web/visualizer/index.html?image=568730607e03c497
nen/2a8b6d8d7885443e.jpg,nen,openimages,CC BY 2.0,,https://storage.googleapis.com/openimages/web/visualizer/index.html?image=3a2e0f0128dfd658
nen/2b2fa04571fcd416.jpg,nen,openimages,CC BY 2.0,,https://storage.googleapis.com/openimages/web/visualizer/index.html?image=a88944398ed509f8
nen/2c55e88678ba805f.jpg,nen,openimages,CC BY 2.0,,https://storage.googleapis.com/openimages/web/visualizer/index.html?image=5f204c5a4dcd9b57
nen/2c8070cf22950625.jpg,nen,openimages,CC BY 2.0,,https://storage.googleapis.com/openimages/web/visualizer/index.html?image=735e3b8555238126
nen/2d512182f655196a.jpg,nen,openimages,CC BY 2.0,,https://storage.googleapis.com/openimages/web/visualizer/index.html?image=6b226cee49de581b
nen/2d61ea31dfa3501e.jpg,nen,openimages,CC BY 2.0,,https://storage.googleapis.com/openimages/web/visualizer/index.html?image=831caec48f1b242a
nen/2e014714f8e9dd41.jpg,nen,openimages,CC BY 2.0,,https://storage.googleapis.com/openimages/web/visualizer/index.html?image=dd52ba0547bab4b0
nen/2ec0cc62e94975d2.jpg,nen,openimages,CC BY 2.0,,https://storage.googleapis.com/openimages/web/visualizer/index.html?image=67025596e1872398
nen/30643c23c9baaebb.jpg,nen,openimages,CC BY 2.0,,https://storage.googleapis.com/openimages/web/visualizer/index.html?image=8a7242460f0aa618
nen/310a6e2b905b9ff6.jpg,nen,openimages,CC BY 2.0,,https://storage.googleapis.com/openimages/web/visualizer/index.html?image=00b240e7bcc6f674
nen/3235bb00b0c71b90.jpg,nen,openimages,CC BY 2.0,,https://storage.googleapis.com/openimages/web/visualizer/index.html?image=dc0fee9049e761a4
nen/328655306c8f3277.jpg,nen,openimages,CC BY 2.0,,https://storage.googleapis.com/openimages/web/visualizer/index.html?image=7564be6b17f88555
nen/344622479ed99b2e.jpg,nen,openimages,CC BY 2.0,,https://storage.googleapis.com/openimages/web/visualizer/index.html?image=89bfbda26ced889d
nen/348651985d301561.jpg,nen,openimages,CC BY 2.0,,https://storage.googleapis.com/openimages/web/visualizer/index.html?image=ac4e811c4c7bbb4b
nen/35225bf7fe799ed1.jpg,nen,openimages,CC BY 2.0,,https://storage.googleapis.com/openimages/web/visualizer/index.html?image=4cf9a23b8fb5158e
nen/35906936337223ce.jpg,nen,openimages,CC BY 2.0,,https://storage.googleapis.com/openimages/web/visualizer/index.html?image=00003e2837c7b728
nen/35e42fc34a51f081.jpg,nen,openimages,CC BY 2.0,,https://storage.googleapis.com/openimages/web/visualizer/index.html?image=832f6bab038961c2
nen/3652ff141f23ee49.jpg,nen,openimages,CC BY 2.0,,https://storage.googleapis.com/openimages/web/visualizer/index.html?image=0ca9dcfb9d056aa2
nen/36b201d80e61229a.jpg,nen,openimages,CC BY 2.0,,https://storage.googleapis.com/openimages/web/visualizer/index.html?image=ffbe12d1eb28162d
nen/372360b3b8325c17.jpg,nen,openimages,CC BY 2.0,,https://storage.googleapis.com/openimages/web/visualizer/index.html?image=e3a6f4f167196261
nen/3812f87c828a6093.jpg,nen,openimages,CC BY 2.0,,https://storage.googleapis.com/openimages/web/visualizer/index.html?image=93c6da550dfd5cf5
nen/38243c72a3f36e0c.jpg,nen,openimages,CC BY 2.0,,https://storage.googleapis.com/openimages/web/visualizer/index.html?image=aa75a8c47f3e8cfd
nen/3a32194f8b4ec30f.jpg,nen,openimages,CC BY 2.0,,https://storage.googleapis.com/openimages/web/visualizer/index.html?image=9d049bc1b5df330b
nen/3a78645407450ad0.jpg,nen,openimages,CC BY 2.0,,https://storage.googleapis.com/openimages/web/visualizer/index.html?image=55469fd63edbf40c
nen/3aaad7d25367bf3f.jpg,nen,openimages,CC BY 2.0,,https://storage.googleapis.com/openimages/web/visualizer/index.html?image=6b09f3fa0c863a0e
nen/3b592619c3837919.jpg,nen,openimages,CC BY 2.0,,https://storage.googleapis.com/openimages/web/visualizer/index.html?image=cadb17d008207512
nen/3b6db248bc35bf73.jpg,nen,openimages,CC BY 2.0,,https://storage.googleapis.com/openimages/web/visualizer/index.html?image=364e048a24b8a8a0
nen/3b9308b1a43e01eb.jpg,nen,openimages,CC BY 2.0,,https://storage.googleapis.com/openimages/web/visualizer/index.html?image=181f6add137b383e
nen/3bd204f099ac259e.jpg,nen,openimages,CC BY 2.0,,https://storage.googleapis.com/openimages/web/visualizer/index.html?image=cf2e3f3b50057ece
nen/3bfdcdca1f48ffeb.jpg,nen,openimages,CC BY 2.0,,https://storage.googleapis.com/openimages/web/visualizer/index.html?image=f8c35fc2e1a9f357
nen/3c80f0ff27d5d541.jpg,nen,openimages,CC BY 2.0,,https://storage.googleapis.com/openimages/web/visualizer/index.html?image=9d2858fe3cb702d4
nen/3caa12dd31df5370.jpg,nen,openimages,CC BY 2.0,,https://storage.googleapis.com/openimages/web/visualizer/index.html?image=0c23dc358d1c167d
nen/3d16c9ab2835874b.jpg,nen,openimages,CC BY 2.0,,https://storage.googleapis.com/openimages/web/visualizer/index.html?image=f75c0f33d13c434c
nen/3d786c841b452cdf.jpg,nen,openimages,CC BY 2.0,,https://storage.googleapis.com/openimages/web/visualizer/index.html?image=8f6593c0a7e0ebc6
nen/3e176e687c5fc56c.jpg,nen,openimages,CC BY 2.0,,https://storage.googleapis.com/openimages/web/visualizer/index.html?image=119d21fee0207fd0
nen/3f35d81f6ae9af9c.jpg,nen,openimages,CC BY 2.0,,https://storage.googleapis.com/openimages/web/visualizer/index.html?image=47f50d181a672b0d
nen/3f943d524835c389.jpg,nen,openimages,CC BY 2.0,,https://storage.googleapis.com/openimages/web/visualizer/index.html?image=d0429d96ec651ed5
nen/40bf9f7473255e81.jpg,nen,openimages,CC BY 2.0,,https://storage.googleapis.com/openimages/web/visualizer/index.html?image=f6ae8ffab1a577a5
nen/412525eb062ec745.jpg,nen,openimages,CC BY 2.0,,https://storage.googleapis.com/openimages/web/visualizer/index.html?image=3c0b2c7a6bcc456a
nen/4150106573b499a5.jpg,nen,openimages,CC BY 2.0,,https://storage.googleapis.com/openimages/web/visualizer/index.html?image=402dd5d8f9819f08
nen/4171998c91578338.jpg,nen,openimages,CC BY 2.0,,https://storage.googleapis.com/openimages/web/visualizer/index.html?image=815309ebb9d77a66
nen/421d50ff0e2621c9.jpg,nen,openimages,CC BY 2.0,,https://storage.googleapis.com/openimages/web/visualizer/index.html?image=03991d1370b383e2
nen/4232046ebedcbcab.jpg,nen,openimages,CC BY 2.0,,https://storage.googleapis.com/openimages/web/visualizer/index.html?image=d4c4af398dae552a
nen/42cd8a6b5b52425d.jpg,nen,openimages,CC BY 2.0,,https://storage.googleapis.com/openimages/web/visualizer/index.html?image=e3a2975e53ce70f4
nen/4325be9e374c901e.jpg,nen,openimages,CC BY 2.0,,https://storage.googleapis.com/openimages/web/visualizer/index.html?image=6005973664ec2974
nen/43734727880e35ce.jpg,nen,openimages,CC BY 2.0,,https://storage.googleapis.com/openimages/web/visualizer/index.html?image=dcdde058ae624316
nen/438da1cbe3d0b5de.jpg,nen,openimages,CC BY 2.0,,https://storage.googleapis.com/openimages/web/visualizer/index.html?image=ae616aec6475350e
nen/438e26a48eb6d0ee.jpg,nen,openimages,CC BY 2.0,,https://storage.googleapis.com/openimages/web/visualizer/index.html?image=774c1b65f6e0e654
nen/44759f5d10dd997c.jpg,nen,openimages,CC BY 2.0,,https://storage.googleapis.com/openimages/web/visualizer/index.html?image=654d5210b6c44efa
nen/447cedd6ebd263f0.jpg,nen,openimages,CC BY 2.0,,https://storage.googleapis.com/openimages/web/visualizer/index.html?image=63c9a869f9551103
nen/44d64d9d4d167525.jpg,nen,openimages,CC BY 2.0,,https://storage.googleapis.com/openimages/web/visualizer/index.html?image=c1f2e3a76d388944
nen/451e911f628721d8.jpg,nen,openimages,CC BY 2.0,,https://storage.googleapis.com/openimages/web/visualizer/index.html?image=e0f05f567eea1646
nen/45722146bba4b6f9.jpg,nen,openimages,CC BY 2.0,,https://storage.googleapis.com/openimages/web/visualizer/index.html?image=afaa999c501408d4
nen/47cfbf2c1e67c579.jpg,nen,openimages,CC BY 2.0,,https://storage.googleapis.com/openimages/web/visualizer/index.html?image=114e7782ea132116
nen/483ae7a6f2cccdbe.jpg,nen,openimages,CC BY 2.0,,https://storage.googleapis.com/openimages/web/visualizer/index.html?image=a302e60fd463b8fb
nen/4867a4149a001fa7.jpg,nen,openimages,CC BY 2.0,,https://storage.googleapis.com/openimages/web/visualizer/index.html?image=9794d6caaf4dce99
nen/48e6ef3b70817952.jpg,nen,openimages,CC BY 2.0,,https://storage.googleapis.com/openimages/web/visualizer/index.html?image=7fbb1aafc72716b2
nen/48f77c369b147ae2.jpg,nen,openimages,CC BY 2.0,,https://storage.googleapis.com/openimages/web/visualizer/index.html?image=012ad91e3b7a66d0
nen/4a27d1978cc6519e.jpg,nen,openimages,CC BY 2.0,,https://storage.googleapis.com/openimages/web/visualizer/index.html?image=f3987641b902ef69
nen/4a47cdbe3d2498d7.jpg,nen,openimages,CC BY 2.0,,https://storage.googleapis.com/openimages/web/visualizer/index.html?image=0fa3284a959d381c
nen/4a7423e30ea9e316.jpg,nen,openimages,CC BY 2.0,,https://storage.googleapis.com/openimages/web/visualizer/index.html?image=2c1259f6c4aa5f0e
nen/4f0620f15724a8f8.jpg,nen,openimages,CC BY 2.0,,https://storage.googleapis.com/openimages/web/visualizer/index.html?image=14e0bbe5bcd7f326
nen/4f31f9817cdf3ddb.jpg,nen,openimages,CC BY 2.0,,https://storage.googleapis.com/openimages/web/visualizer/index.html?image=931067463d6929ba
nen/51e59e65bb0a9f08.jpg,nen,openimages,CC BY 2.0,,https://storage.googleapis.com/openimages/web/visualizer/index.html?image=a5242b7efd3685fe
nen/51f1f57fecd23c08.jpg,nen,openimages,CC BY 2.0,,https://storage.googleapis.com/openimages/web/visualizer/index.html?image=8cb947c4e9154499
nen/5210835e6aa93322.jpg,nen,openimages,CC BY 2.0,,https://storage.googleapis.com/openimages/web/visualizer/index.html?image=6465ce4288685624
nen/522de0fc1e34529f.jpg,nen,openimages,CC BY 2.0,,https://storage.googleapis.com/openimages/web/visualizer/index.html?image=cbf6b46d006025ce
nen/52b9ed09b876f562.jpg,nen,openimages,CC BY 2.0,,https://storage.googleapis.com/openimages/web/visualizer/index.html?image=3e94521e542bb921
nen/5366008c45c13a46.jpg,nen,openimages,CC BY 2.0,,https://storage.googleapis.com/openimages/web/visualizer/index.html?image=01a9e5eba0c0c814
nen/53720cd11f3583fd.jpg,nen,openimages,CC BY 2.0,,https://storage.googleapis.com/openimages/web/visualizer/index.html?image=b2b52d1c2673b0cb
nen/539708e1f3938a80.jpg,nen,openimages,CC BY 2.0,,https://storage.googleapis.com/openimages/web/visualizer/index.html?image=12e75f9003ebc0a4
nen/54136d8b03c76e66.jpg,nen,openimages,CC BY 2.0,,https://storage.googleapis.com/openimages/web/visualizer/index.html?image=df12e8f8cbd066fc
nen/545990938cea7ff3.jpg,nen,openimages,CC BY 2.0,,https://storage.googleapis.com/openimages/web/visualizer/index.html?image=149227320fe975b3
nen/54741d7ad3f29543.jpg,nen,openimages,CC BY 2.0,,https://storage.googleapis.com/openimages/web/visualizer/index.html?image=5ac56f8c5822c311
nen/5484c834c37e89b5.jpg,nen,openimages,CC BY 2.0,,https://storage.googleapis.com/openimages/web/visualizer/index.html?image=3cab5f8ed8ff790d
nen/552596e47c3dff75.jpg,nen,openimages,CC BY 2.0,,https://storage.googleapis.com/openimages/web/visualizer/index.html?image=73bd9fc4a9dd2a4e
nen/554795c2bbd4095e.jpg,nen,openimages,CC BY 2.0,,https://storage.googleapis.com/openimages/web/visualizer/index.html?image=79a6ebea7070a2a5
nen/5557ff65faada5e3.jpg,nen,openimages,CC BY 2.0,,https://storage.googleapis.com/openimages/web/visualizer/index.html?image=2ce4dcd183a10ac6
nen/57338da282901583.jpg,nen,openimages,CC BY 2.0,,https://storage.googleapis.com/openimages/web/visualizer/index.html?image=d0ee8b09438ff6e7
nen/575dab2d15f3b644.jpg,nen,openimages,CC BY 2.0,,https://storage.googleapis.com/openimages/web/visualizer/index.html?image=79fac40e09734ae4
nen/57c6e2e45c7fbb1b.jpg,nen,openimages,CC BY 2.0,,https://storage.googleapis.com/openimages/web/visualizer/index.html?image=221103f2778f199c
nen/57f12f0960ed743b.jpg,nen,openimages,CC BY 2.0,,https://storage.googleapis.com/openimages/web/visualizer/index.html?image=68692b32ceafcbd7
nen/581d373ab5db0b60.jpg,nen,openimages,CC BY 2.0,,https://storage.googleapis.com/openimages/web/visualizer/index.html?image=01a750e2c859d478
nen/58fe907baa10fc17.jpg,nen,openimages,CC BY 2.0,,https://storage.googleapis.com/openimages/web/visualizer/index.html?image=60650e09e06c2ce8
nen/5910a371c2e24131.jpg,nen,openimages,CC BY 2.0,,https://storage.googleapis.com/openimages/web/visualizer/index.html?image=4c30f33b0fe0e87e
nen/5910a60343f70727.jpg,nen,openimages,CC BY 2.0,,https://storage.googleapis.com/openimages/web/visualizer/index.html?image=94f5ca71c393f693
nen/598f81aef9e2dc0e.jpg,nen,openimages,CC BY 2.0,,https://storage.googleapis.com/openimages/web/visualizer/index.html?image=a116121a123b9393
nen/5bc9c72995291774.jpg,nen,openimages,CC BY 2.0,,https://storage.googleapis.com/openimages/web/visualizer/index.html?image=bfeb4ae3050e9ce6
nen/5c9164ed64a772f8.jpg,nen,openimages,CC BY 2.0,,https://storage.googleapis.com/openimages/web/visualizer/index.html?image=866523778789db7e
nen/5cdaad09e430a22f.jpg,nen,openimages,CC BY 2.0,,https://storage.googleapis.com/openimages/web/visualizer/index.html?image=8224bfbc6f0ab4ed
nen/5e8d20813a744f83.jpg,nen,openimages,CC BY 2.0,,https://storage.googleapis.com/openimages/web/visualizer/index.html?image=f32aaf5312693897
nen/5e9ee58a79e64c85.jpg,nen,openimages,CC BY 2.0,,https://storage.googleapis.com/openimages/web/visualizer/index.html?image=6cfd82cc611f6fb2
nen/5f1769ad75b7b731.jpg,nen,openimages,CC BY 2.0,,https://storage.googleapis.com/openimages/web/visualizer/index.html?image=9773f9867d8051d7
nen/5f8fd865861bd5c3.jpg,nen,openimages,CC BY 2.0,,https://storage.googleapis.com/openimages/web/visualizer/index.html?image=f3fe3e7e287697c7
nen/5fdf876b314457dc.jpg,nen,openimages,CC BY 2.0,,https://storage.googleapis.com/openimages/web/visualizer/index.html?image=0682b6c27cd20ede
nen/611ffe26cb627f0b.jpg,nen,openimages,CC BY 2.0,,https://storage.googleapis.com/openimages/web/visualizer/index.html?image=3ee5e0b9711ed007
nen/612a89ccc5957a03.jpg,nen,openimages,CC BY 2.0,,https://storage.googleapis.com/openimages/web/visualizer/index.html?image=210d4858fda6a11a
nen/61551aacac2da812.jpg,nen,openimages,CC BY 2.0,,https://storage.googleapis.com/openimages/web/visualizer/index.html?image=3e97dc0f7e55760b
nen/625d0aa5d3099021.jpg,nen,openimages,CC BY 2.0,,https://storage.googleapis.com/openimages/web/visualizer/index.html?image=07ac287914e4fa75
nen/63ef8eaa0644bc92.jpg,nen,openimages,CC BY 2.0,,https://storage.googleapis.com/openimages/web/visualizer/index.html?image=2d2aba6cae35a5ea
nen/642bdbe20a2570ed.jpg,nen,openimages,CC BY 2.0,,https://storage.googleapis.com/openimages/web/visualizer/index.html?image=bb44e10789e404a6
nen/647a9676354fd891.jpg,nen,openimages,CC BY 2.0,,https://storage.googleapis.com/openimages/web/visualizer/index.html?image=8e9bbe0cebf3d6e6
nen/6494bfc03738605c.jpg,nen,openimages,CC BY 2.0,,https://storage.googleapis.com/openimages/web/visualizer/index.html?image=15f51657d905517f
nen/64b1153a0f7d06eb.jpg,nen,openimages,CC BY 2.0,,https://storage.googleapis.com/openimages/web/visualizer/index.html?image=01329cb69414c467
nen/64b72fca8ae28b28.jpg,nen,openimages,CC BY 2.0,,https://storage.googleapis.com/openimages/web/visualizer/index.html?image=dd1d368e68674a06
nen/65965b36ceccead3.jpg,nen,openimages,CC BY 2.0,,https://storage.googleapis.com/openimages/web/visualizer/index.html?image=9c775bfcba8fb3d8
nen/65e806a66a40d7e3.jpg,nen,openimages,CC BY 2.0,,https://storage.googleapis.com/openimages/web/visualizer/index.html?image=73ae3cd6b24af0a3
nen/66cc3f33d55e5a6f.jpg,nen,openimages,CC BY 2.0,,https://storage.googleapis.com/openimages/web/visualizer/index.html?image=f42c55ebc56f1903
nen/672dce27bf919195.jpg,nen,openimages,CC BY 2.0,,https://storage.googleapis.com/openimages/web/visualizer/index.html?image=2fd574c0494aac00
nen/678ede74887bbee7.jpg,nen,openimages,CC BY 2.0,,https://storage.googleapis.com/openimages/web/visualizer/index.html?image=97ec277076185ccd
nen/67be1a652c5f2c76.jpg,nen,openimages,CC BY 2.0,,https://storage.googleapis.com/openimages/web/visualizer/index.html?image=3871ca9b2361c2f6
nen/67dd7f88b80739fc.jpg,nen,openimages,CC BY 2.0,,https://storage.googleapis.com/openimages/web/visualizer/index.html?image=fd1e05096697757a
nen/6854624cb234e32a.jpg,nen,openimages,CC BY 2.0,,https://storage.googleapis.com/openimages/web/visualizer/index.html?image=d2eaad1287aa2b18
nen/68910703e4b49470.jpg,nen,openimages,CC BY 2.0,,https://storage.googleapis.com/openimages/web/visualizer/index.html?image=e740c80fce094788
nen/690f13a0f87065bc.jpg,nen,openimages,CC BY 2.0,,https://storage.googleapis.com/openimages/web/visualizer/index.html?image=22bcd9451e786439
nen/6a17643a17f533f0.jpg,nen,openimages,CC BY 2.0,,https://storage.googleapis.com/openimages/web/visualizer/index.html?image=0cd429ca07448232
nen/6a8874997a36811f.jpg,nen,openimages,CC BY 2.0,,https://storage.googleapis.com/openimages/web/visualizer/index.html?image=fba9b64819904168
nen/6ae83b02e51617eb.jpg,nen,openimages,CC BY 2.0,,https://storage.googleapis.com/openimages/web/visualizer/index.html?image=73e294c7e09df731
nen/6b85b30264b5c460.jpg,nen,openimages,CC BY 2.0,,https://storage.googleapis.com/openimages/web/visualizer/index.html?image=c551c2f17fb6e6a7
nen/6c50801837096e7a.jpg,nen,openimages,CC BY 2.0,,https://storage.googleapis.com/openimages/web/visualizer/index.html?image=7bf15d1c1bef5930
nen/6cf4b5f34697405b.jpg,nen,openimages,CC BY 2.0,,https://storage.googleapis.com/openimages/web/visualizer/index.html?image=203cc04f51984731
nen/6d017ee18d31a447.jpg,nen,openimages,CC BY 2.0,,https://storage.googleapis.com/openimages/web/visualizer/index.html?image=31c5ff494d4c69aa
nen/6ea61b4571fc0e15.jpg,nen,openimages,CC BY 2.0,,https://storage.googleapis.com/openimages/web/visualizer/index.html?image=89fc3fff73047505
nen/6ec2ce87d0d03997.jpg,nen,openimages,CC BY 2.0,,https://storage.googleapis.com/openimages/web/visualizer/index.html?image=daac851fe36e94d0
nen/6f6a050315f756e9.jpg,nen,openimages,CC BY 2.0,,https://storage.googleapis.com/openimages/web/visualizer/index.html?image=79ed018db1e7c714
nen/6f73aec682888e47.jpg,nen,openimages,CC BY 2.0,,https://storage.googleapis.com/openimages/web/visualizer/index.html?image=30153df60d866efe
nen/6f8e3eb9775bf6ea.jpg,nen,openimages,CC BY 2.0,,https://storage.googleapis.com/openimages/web/visualizer/index.html?image=c3343fc118a7187c
nen/6fa44fcc45cf275e.jpg,nen,openimages,CC BY 2.0,,https://storage.googleapis.com/openimages/web/visualizer/index.html?image=f4025815b775ab38
nen/703ac59bf28636db.jpg,nen,openimages,CC BY 2.0,,https://storage.googleapis.com/openimages/web/visualizer/index.html?image=3110397d2861c66a
nen/7135399b7a9971d5.jpg,nen,openimages,CC BY 2.0,,https://storage.googleapis.com/openimages/web/visualizer/index.html?image=7d6eb6e82567fb90
nen/7262ffc223b5ffc0.jpg,nen,openimages,CC BY 2.0,,https://storage.googleapis.com/openimages/web/visualizer/index.html?image=12a883549ccaf014
nen/734a11fa2c3fa345.jpg,nen,openimages,CC BY 2.0,,https://storage.googleapis.com/openimages/web/visualizer/index.html?image=8084d6d88bb7df41
nen/73d1a26c369c56be.jpg,nen,openimages,CC BY 2.0,,https://storage.googleapis.com/openimages/web/visualizer/index.html?image=7ac63f2fa873f953
nen/744815cafddb8ff1.jpg,nen,openimages,CC BY 2.0,,https://storage.googleapis.com/openimages/web/visualizer/index.html?image=71f51253654dd0f4
nen/74d874ed96e0b094.jpg,nen,openimages,CC BY 2.0,,https://storage.googleapis.com/openimages/web/visualizer/index.html?image=d158d2d83ec83133
nen/74ffafb1e8ae1e3e.jpg,nen,openimages,CC BY 2.0,,https://storage.googleapis.com/openimages/web/visualizer/index.html?image=c40f95dfcbab0fbe
nen/750082965cd34194.jpg,nen,openimages,CC BY 2.0,,https://storage.googleapis.com/openimages/web/visualizer/index.html?image=f790f68f066665ad
nen/752c31d49ced8f16.jpg,nen,openimages,CC BY 2.0,,https://storage.googleapis.com/openimages/web/visualizer/index.html?image=0b00722c892e8022
nen/75deef7c2194b5de.jpg,nen,openimages,CC BY 2.0,,https://storage.googleapis.com/openimages/web/visualizer/index.html?image=f3ae5faaeee3f054
nen/76fc9ea87f4f585e.jpg,nen,openimages,CC BY 2.0,,https://storage.googleapis.com/openimages/web/visualizer/index.html?image=96984723854cbe83
nen/776cbf574c7089b5.jpg,nen,openimages,CC BY 2.0,,https://storage.googleapis.com/openimages/web/visualizer/index.html?image=0012da0757224c51
nen/7904beab7266c191.jpg,nen,openimages,CC BY 2.0,,https://storage.googleapis.com/openimages/web/visualizer/index.html?image=bd56a19cb0dc8223
nen/797e5c00a4540626.jpg,nen,openimages,CC BY 2.0,,https://storage.googleapis.com/openimages/web/visualizer/index.html?image=93f345f719605f0a
nen/79cba234782d24ef.jpg,nen,openimages,CC BY 2.0,,https://storage.googleapis.com/openimages/web/visualizer/index.html?image=1d4a17efd448f881
nen/7d1e7291a02e896b.jpg,nen,openimages,CC BY 2.0,,https://storage.googleapis.com/openimages/web/visualizer/index.html?image=d1191da504e41b47
nen/7d81d761cc0e85a1.jpg,nen,openimages,CC BY 2.0,,https://storage.googleapis.com/openimages/web/visualizer/index.html?image=797b7e23ebe7b91d
nen/7db43254d754c66b.jpg,nen,openimages,CC BY 2.0,,https://storage.googleapis.com/openimages/web/visualizer/index.html?image=6d7341ecb3278c69
nen/7e9cf72d137a28b9.jpg,nen,openimages,CC BY 2.0,,https://storage.googleapis.com/openimages/web/visualizer/index.html?image=1aaddf2511e5d56c
nen/7ed3fa1954af94ab.jpg,nen,openimages,CC BY 2.0,,https://storage.googleapis.com/openimages/web/visualizer/index.html?image=a166fad87ba506b2
nen/7f99ec16d20ae3dd.jpg,nen,openimages,CC BY 2.0,,https://storage.googleapis.com/openimages/web/visualizer/index.html?image=7eae223ffc9d912f
nen/7fdf9e5aee360b79.jpg,nen,openimages,CC BY 2.0,,https://storage.googleapis.com/openimages/web/visualizer/index.html?image=b21c28f09c8d974e
nen/801f1832bab8618a.jpg,nen,openimages,CC BY 2.0,,https://storage.googleapis.com/openimages/web/visualizer/index.html?image=2bd80386d8914774
nen/803a1c6e2d4fd7ec.jpg,nen,openimages,CC BY 2.0,,https://storage.googleapis.com/openimages/web/visualizer/index.html?image=8c5b4996746b5884
nen/8222f0f7218e76fe.jpg,nen,openimages,CC BY 2.0,,https://storage.googleapis.com/openimages/web/visualizer/index.html?image=4aa99c4330beca8f
nen/823112bb23ac88e8.jpg,nen,openimages,CC BY 2.0,,https://storage.googleapis.com/openimages/web/visualizer/index.html?image=44eeed8262831e2c
nen/82f797b04e97752f.jpg,nen,openimages,CC BY 2.0,,https://storage.googleapis.com/openimages/web/visualizer/index.html?image=2c844c4e3efb1dd4
nen/83f2706a95873e1e.jpg,nen,openimages,CC BY 2.0,,https://storage.googleapis.com/openimages/web/visualizer/index.html?image=d30382940380ae7f
nen/83f43cea3ac6e1aa.jpg,nen,openimages,CC BY 2.0,,https://storage.googleapis.com/openimages/web/visualizer/index.html?image=1461b161d98f7d44
nen/84e38bbdc7dd5299.jpg,nen,openimages,CC BY 2.0,,https://storage.googleapis.com/openimages/web/visualizer/index.html?image=7d5e240b6900ad80
nen/8574afbe4f06780e.jpg,nen,openimages,CC BY 2.0,,https://storage.googleapis.com/openimages/web/visualizer/index.html?image=80fe829b1327c9ae
nen/85852eaffad31095.jpg,nen,openimages,CC BY 2.0,,https://storage.googleapis.com/openimages/web/visualizer/index.html?image=1004ee5872dfb2eb
nen/85f6da705bf9bf80.jpg,nen,openimages,CC BY 2.0,,https://storage.googleapis.com/openimages/web/visualizer/index.html?image=3ea393878496f46b
nen/86241873e1f33957.jpg,nen,openimages,CC BY 2.0,,https://storage.googleapis.com/openimages/web/visualizer/index.html?image=46b8ed32ac35aecd
nen/864f0b679f127ad5.jpg,nen,openimages,CC BY 2.0,,https://storage.googleapis.com/openimages/web/visualizer/index.html?image=d4ad6b520edee4fc
nen/8730a1944b5dd515.jpg,nen,openimages,CC BY 2.0,,https://storage.googleapis.com/openimages/web/visualizer/index.html?image=8c55d7dc139396e1
nen/879c75156d32cd03.jpg,nen,openimages,CC BY 2.0,,https://storage.googleapis.com/openimages/web/visualizer/index.html?image=45fcb58d2decd81e
nen/882b79e5510d5729.jpg,nen,openimages,CC BY 2.0,,https://storage.googleapis.com/openimages/web/visualizer/index.html?image=e680f4c3a99b3698
nen/883df815f26550cc.jpg,nen,openimages,CC BY 2.0,,https://storage.googleapis.com/openimages/web/visualizer/index.html?image=73985749f2c822cc
nen/8a2a36e699d1daa6.jpg,nen,openimages,CC BY 2.0,,https://storage.googleapis.com/openimages/web/visualizer/index.html?image=5b456c2101d13d9c
nen/8c6e89ff95dc81d9.jpg,nen,openimages,CC BY 2.0,,https://storage.googleapis.com/openimages/web/visualizer/index.html?image=68cf9eead9651175
nen/8d62b7430711d49b.jpg,nen,openimages,CC BY 2.0,,https://storage.googleapis.com/openimages/web/visualizer/index.html?image=bab11af11bca4798
nen/8da1308ab7781eb4.jpg,nen,openimages,CC BY 2.0,,https://storage.googleapis.com/openimages/web/visualizer/index.html?image=340f3c966d620a89
nen/8dc932b889803ccf.jpg,nen,openimages,CC BY 2.0,,https://storage.googleapis.com/openimages/web/visualizer/index.html?image=e3bafecc0b67e24a
nen/8e57d668eb1ec249.jpg,nen,openimages,CC BY 2.0,,https://storage.googleapis.com/openimages/web/visualizer/index.html?image=14d2fb197cb5d6ad
nen/8e6a97742b33d026.jpg,nen,openimages,CC BY 2.0,,https://storage.googleapis.com/openimages/web/visualizer/index.html?image=8343235d477c3917
nen/8e706c27b26721a3.jpg,nen,openimages,CC BY 2.0,,https://storage.googleapis.com/openimages/web/visualizer/index.html?image=17376250c8b62aef
nen/8ebfd7dbc5150ebd.jpg,nen,openimages,CC BY 2.0,,https://storage.googleapis.com/openimages/web/visualizer/index.html?image=acb3266c0e81104e
nen/8f05db23e8229d85.jpg,nen,openimages,CC BY 2.0,,https://storage.googleapis.com/openimages/web/visualizer/index.html?image=444f9d7625cbef3e
nen/8f2fb67df69f9ad1.jpg,nen,openimages,CC BY 2.0,,https://storage.googleapis.com/openimages/web/visualizer/index.html?image=d764fb9d5cf9c5d9
nen/901ec7daf7adc8bd.jpg,nen,openimages,CC BY 2.0,,https://storage.googleapis.com/openimages/web/visualizer/index.html?image=c1e2025f5406d1af
nen/9088383cb5883b0b.jpg,nen,openimages,CC BY 2.0,,https://storage.googleapis.com/openimages/web/visualizer/index.html?image=07d44e8c3743c968
nen/90bd29962b093853.jpg,nen,openimages,CC BY 2.0,,https://storage.googleapis.com/openimages/web/visualizer/index.html?image=bdef3606b1c85ae4
nen/9124a1c0344cb83d.jpg,nen,openimages,CC BY 2.0,,https://storage.googleapis.com/openimages/web/visualizer/index.html?image=08790f9bc49371c4
nen/9164ffdfaeb84e4b.jpg,nen,openimages,CC BY 2.0,,https://storage.googleapis.com/openimages/web/visualizer/index.html?image=df3f0f1a837d06e8
nen/91996d3a96f1d9ef.jpg,nen,openimages,CC BY 2.0,,https://storage.googleapis.com/openimages/web/visualizer/index.html?image=018dbb31b08f34f0
nen/91db6cb714f8648b.jpg,nen,openimages,CC BY 2.0,,https://storage.googleapis.com/openimages/web/visualizer/index.html?image=08415bb04da701af
nen/924bdffe9b90b1aa.jpg,nen,openimages,CC BY 2.0,,https://storage.googleapis.com/openimages/web/visualizer/index.html?image=b92e44ecbceebf1e
nen/93a76ae4831c2860.jpg,nen,openimages,CC BY 2.0,,https://storage.googleapis.com/openimages/web/visualizer/index.html?image=908b2bc4c240df9a
nen/957a0c7491bc2d1c.jpg,nen,openimages,CC BY 2.0,,https://storage.googleapis.com/openimages/web/visualizer/index.html?image=71d66add99ddfefa
nen/964a94a7a3ea1a16.jpg,nen,openimages,CC BY 2.0,,https://storage.googleapis.com/openimages/web/visualizer/index.html?image=a4ef895095c5296c
nen/9666a0eb727507d3.jpg,nen,openimages,CC BY 2.0,,https://storage.googleapis.com/openimages/web/visualizer/index.html?image=dbecddc9b682d032
nen/96e23dc9c4ab5641.jpg,nen,openimages,CC BY 2.0,,https://storage.googleapis.com/openimages/web/visualizer/index.html?image=673b159919f70d10
nen/97718b6d53e21838.jpg,nen,openimages,CC BY 2.0,,https://storage.googleapis.com/openimages/web/visualizer/index.html?image=afcc458859e7e41b
nen/97797cf9dabae038.jpg,nen,openimages,CC BY 2.0,,https://storage.googleapis.com/openimages/web/visualizer/index.html?image=c3e258ccf7f7fb1d
nen/97e8b5dafaadbea4.jpg,nen,openimages,CC BY 2.0,,https://storage.googleapis.com/openimages/web/visualizer/index.html?image=a17d909396ad9f35
nen/99bccf623e8661c0.jpg,nen,openimages,CC BY 2.0,,https://storage.googleapis.com/openimages/web/visualizer/index.html?image=61f5229ffda6c044
nen/99c5f936e946f780.jpg,nen,openimages,CC BY 2.0,,https://storage.googleapis.com/openimages/web/visualizer/index.html?image=7624d35307a0c8df
nen/9a92d4b6e674bbd4.jpg,nen,openimages,CC BY 2.0,,https://storage.googleapis.com/openimages/web/visualizer/index.html?image=27a4b3d01ab7cc72
nen/9ae6f38c90e2857e.jpg,nen,openimages,CC BY 2.0,,https://storage.googleapis.com/openimages/web/visualizer/index.html?image=04f65d6507bbfcbd
nen/9b2d0a45a3ad8710.jpg,nen,openimages,CC BY 2.0,,https://storage.googleapis.com/openimages/web/visualizer/index.html?image=05b7530997ed60dc
nen/9bcb629b3d6c1dea.jpg,nen,openimages,CC BY 2.0,,https://storage.googleapis.com/openimages/web/visualizer/index.html?image=0466bb68da8f3d66
nen/9bcf9dceb2ac976c.jpg,nen,openimages,CC BY 2.0,,https://storage.googleapis.com/openimages/web/visualizer/index.html?image=1cc7e24c2bb97dbd
nen/9c99a44ecc07255e.jpg,nen,openimages,CC BY 2.0,,https://storage.googleapis.com/openimages/web/visualizer/index.html?image=7cf39092a9dd8911
nen/9d1731a57fb676e6.jpg,nen,openimages,CC BY 2.0,,https://storage.googleapis.com/openimages/web/visualizer/index.html?image=9423603794b7b948
nen/9d368d226ddcd752.jpg,nen,openimages,CC BY 2.0,,https://storage.googleapis.com/openimages/web/visualizer/index.html?image=63caa2dfd6688686
nen/9d93eb30a0d6aae7.jpg,nen,openimages,CC BY 2.0,,https://storage.googleapis.com/openimages/web/visualizer/index.html?image=9b2524992667fb23
nen/9debc1fa340ebc0d.jpg,nen,openimages,CC BY 2.0,,https://storage.googleapis.com/openimages/web/visualizer/index.html?image=1b09dd09c95fd541
nen/9e4cb529a0ef52ba.jpg,nen,openimages,CC BY 2.0,,https://storage.googleapis.com/openimages/web/visualizer/index.html?image=c8c7bd8847cfa2f7
nen/9e4f7a106712a74d.jpg,nen,openimages,CC BY 2.0,,https://storage.googleapis.com/openimages/web/visualizer/index.html?image=0069d2f23b419fdb
nen/9f10a159a4ee1154.jpg,nen,openimages,CC BY 2.0,,https://storage.googleapis.com/openimages/web/visualizer/index.html?image=6f15bda9a9a62fe6
nen/9f224159a060bba6.jpg,nen,openimages,CC BY 2.0,,https://storage.googleapis.com/openimages/web/visualizer/index.html?image=c9b2a22e8d190220
nen/9f96d44e59849a27.jpg,nen,openimages,CC BY 2.0,,https://storage.googleapis.com/openimages/web/visualizer/index.html?image=d7f18736a2066191
nen/a008e8c63ae6a49a.jpg,nen,openimages,CC BY 2.0,,https://storage.googleapis.com/openimages/web/visualizer/index.html?image=58b1960aa4983d6a
nen/a1b969ecb2b32fe0.jpg,nen,openimages,CC BY 2.0,,https://storage.googleapis.com/openimages/web/visualizer/index.html?image=8f0675f0a642e112
nen/a1f44b859cc4e9e6.jpg,nen,openimages,CC BY 2.0,,https://storage.googleapis.com/openimages/web/visualizer/index.html?image=1950d519efa3d258
nen/a2111765ba1c2deb.jpg,nen,openimages,CC BY 2.0,,https://storage.googleapis.com/openimages/web/visualizer/index.html?image=1d1e918463aed5f6
nen/a2251ec6f7dbd8fb.jpg,nen,openimages,CC BY 2.0,,https://storage.googleapis.com/openimages/web/visualizer/index.html?image=9c90507683ad4aab
nen/a43bb513d66ab128.jpg,nen,openimages,CC BY 2.0,,https://storage.googleapis.com/openimages/web/visualizer/index.html?image=da42ce2879b24985
nen/a4ccd05f87d7bc26.jpg,nen,openimages,CC BY 2.0,,https://storage.googleapis.com/openimages/web/visualizer/index.html?image=c3381cd9630953cd
nen/a513df2d02aa6aad.jpg,nen,openimages,CC BY 2.0,,https://storage.googleapis.com/openimages/web/visualizer/index.html?image=60f4679099785087
nen/a5ee1a33298acf99.jpg,nen,openimages,CC BY 2.0,,https://storage.googleapis.com/openimages/web/visualizer/index.html?image=2ff3162f318a2135
nen/a60be35486d03caf.jpg,nen,openimages,CC BY 2.0,,https://storage.googleapis.com/openimages/web/visualizer/index.html?image=00755e91bd50fe54
nen/a6147457b6e6b749.jpg,nen,openimages,CC BY 2.0,,https://storage.googleapis.com/openimages/web/visualizer/index.html?image=1a3977262f8594fe
nen/a645c21f839f6c2b.jpg,nen,openimages,CC BY 2.0,,https://storage.googleapis.com/openimages/web/visualizer/index.html?image=ffd47de6456cd085
nen/a7676405771ed898.jpg,nen,openimages,CC BY 2.0,,https://storage.googleapis.com/openimages/web/visualizer/index.html?image=5c59064e68f837f0
nen/a95019dd6aa9c037.jpg,nen,openimages,CC BY 2.0,,https://storage.googleapis.com/openimages/web/visualizer/index.html?image=0cda8597d6d958fa
nen/a96020daae6a5805.jpg,nen,openimages,CC BY 2.0,,https://storage.googleapis.com/openimages/web/visualizer/index.html?image=309915c595bdb7b4
nen/a98c1c8aaed5d56a.jpg,nen,openimages,CC BY 2.0,,https://storage.googleapis.com/openimages/web/visualizer/index.html?image=cb9db91015697b36
nen/a9e2e2b31fee3e8c.jpg,nen,openimages,CC BY 2.0,,https://storage.googleapis.com/openimages/web/visualizer/index.html?image=b3274ed0b743978b
nen/abbce944dccbb3a4.jpg,nen,openimages,CC BY 2.0,,https://storage.googleapis.com/openimages/web/visualizer/index.html?image=d04aac8605743948
nen/ac08c052ced343ef.jpg,nen,openimages,CC BY 2.0,,https://storage.googleapis.com/openimages/web/visualizer/index.html?image=858efece7403d305
nen/ac4ca61808f99fdc.jpg,nen,openimages,CC BY 2.0,,https://storage.googleapis.com/openimages/web/visualizer/index.html?image=bcef1c58e5eb57b2
nen/ada6a7ed7a228aa4.jpg,nen,openimages,CC BY 2.0,,https://storage.googleapis.com/openimages/web/visualizer/index.html?image=c9fccab8a072ebc5
nen/adcb2c45466eb98f.jpg,nen,openimages,CC BY 2.0,,https://storage.googleapis.com/openimages/web/visualizer/index.html?image=d2aed54b992e8cd8
nen/ae32544ae5cea13d.jpg,nen,openimages,CC BY 2.0,,https://storage.googleapis.com/openimages/web/visualizer/index.html?image=23b81ef5be7aeed7
nen/ae8c5f92aa432fd4.jpg,nen,openimages,CC BY 2.0,,https://storage.googleapis.com/openimages/web/visualizer/index.html?image=9ff9b3851e1744e0
nen/aef891267bb5f157.jpg,nen,openimages,CC BY 2.0,,https://storage.googleapis.com/openimages/web/visualizer/index.html?image=8f58ea8f09c16233
nen/af2867db6d1570c9.jpg,nen,openimages,CC BY 2.0,,https://storage.googleapis.com/openimages/web/visualizer/index.html?image=e9686ca0e08c6318
nen/afca4698bb37ccab.jpg,nen,openimages,CC BY 2.0,,https://storage.googleapis.com/openimages/web/visualizer/index.html?image=0f0bd0b48a6cd428
nen/affa24afd2da41cc.jpg,nen,openimages,CC BY 2.0,,https://storage.googleapis.com/openimages/web/visualizer/index.html?image=aa9fe51b9c4877a7
nen/b029865b02b9340f.jpg,nen,openimages,CC BY 2.0,,https://storage.googleapis.com/openimages/web/visualizer/index.html?image=5c093fadd6af443a
nen/b06a43ce5d2d6bb2.jpg,nen,openimages,CC BY 2.0,,https://storage.googleapis.com/openimages/web/visualizer/index.html?image=9015d6e3aa50d957
nen/b0a8505474157c99.jpg,nen,openimages,CC BY 2.0,,https://storage.googleapis.com/openimages/web/visualizer/index.html?image=d5a5e825f8b3e976
nen/b143708d4eb63c5d.jpg,nen,openimages,CC BY 2.0,,https://storage.googleapis.com/openimages/web/visualizer/index.html?image=bccfc6c9b7b55c34
nen/b148b8c83f5de2f3.jpg,nen,openimages,CC BY 2.0,,https://storage.googleapis.com/openimages/web/visualizer/index.html?image=b97b6e2c7b06497a
nen/b215da9e4afbdc6c.jpg,nen,openimages,CC BY 2.0,,https://storage.googleapis.com/openimages/web/visualizer/index.html?image=7d23928b3658dc65
nen/b486ac18b40de677.jpg,nen,openimages,CC BY 2.0,,https://storage.googleapis.com/openimages/web/visualizer/index.html?image=1c4dc1019f9fb729
nen/b48c62f8f56610f1.jpg,nen,openimages,CC BY 2.0,,https://storage.googleapis.com/openimages/web/visualizer/index.html?image=3fa833162ca29c62
nen/b4d0576bdc52bee1.jpg,nen,openimages,CC BY 2.0,,https://storage.googleapis.com/openimages/web/visualizer/index.html?image=e5a88a5112298326
nen/b50d6e8702cb0523.jpg,nen,openimages,CC BY 2.0,,https://storage.googleapis.com/openimages/web/visualizer/index.html?image=24e87477d00ba302
nen/b5cd5ed3153694fb.jpg,nen,openimages,CC BY 2.0,,https://storage.googleapis.com/openimages/web/visualizer/index.html?image=0aa88d6d97343bdd
nen/b69ce47bfc6e6dca.jpg,nen,openimages,CC BY 2.0,,https://storage.googleapis.com/openimages/web/visualizer/index.html?image=28063a684c6651f1
nen/b6b62451bff813c7.jpg,nen,openimages,CC BY 2.0,,https://storage.googleapis.com/openimages/web/visualizer/index.html?image=bc9bd5f592b6bccc
nen/b6f37ddf14c00a89.jpg,nen,openimages,CC BY 2.0,,https://storage.googleapis.com/openimages/web/visualizer/index.html?image=784129cd83cee8f5
nen/b7536cec832bc40f.jpg,nen,openimages,CC BY 2.0,,https://storage.googleapis.com/openimages/web/visualizer/index.html?image=96d3934bb7422e6a
nen/b7c7db3d346549a9.jpg,nen,openimages,CC BY 2.0,,https://storage.googleapis.com/openimages/web/visualizer/index.html?image=79afdca535dc003b
nen/b807c86b25a4f641.jpg,nen,openimages,CC BY 2.0,,https://storage.googleapis.com/openimages/web/visualizer/index.html?image=c02e0cd94fcfce65
nen/b97419b0b5df321d.jpg,nen,openimages,CC BY 2.0,,https://storage.googleapis.com/openimages/web/visualizer/index.html?image=1a3ebdfc427eab2a
nen/b9e4f055dd808c31.jpg,nen,openimages,CC BY 2.0,,https://storage.googleapis.com/openimages/web/visualizer/index.html?image=27b58fdbcffe4540
nen/ba26c19ed634e354.jpg,nen,openimages,CC BY 2.0,,https://storage.googleapis.com/openimages/web/visualizer/index.html?image=fe61af1315e1b8ec
nen/ba6514b6df354f4f.jpg,nen,openimages,CC BY 2.0,,https://storage.googleapis.com/openimages/web/visualizer/index.html?image=ace55392e1b6e812
nen/bac36f0d25978149.jpg,nen,openimages,CC BY 2.0,,https://storage.googleapis.com/openimages/web/visualizer/index.html?image=a35028bb382208f5
nen/bce1ad7803335083.jpg,nen,openimages,CC BY 2.0,,https://storage.googleapis.com/openimages/web/visualizer/index.html?image=02afd661af30f7d6
nen/bd48f669aed7e694.jpg,nen,openimages,CC BY 2.0,,https://storage.googleapis.com/openimages/web/visualizer/index.html?image=d9df0e35f79fd73a
nen/be07d637f699d643.jpg,nen,openimages,CC BY 2.0,,https://storage.googleapis.com/openimages/web/visualizer/index.html?image=7c2861cba57e0f82
nen/be5373c9944c9107.jpg,nen,openimages,CC BY 2.0,,https://storage.googleapis.com/openimages/web/visualizer/index.html?image=62127df8c2925b50
nen/be9ceb21ef190c9b.jpg,nen,openimages,CC BY 2.0,,https://storage.googleapis.com/openimages/web/visualizer/index.html?image=487d42de82ce2a33
nen/bea7f8f6edea6fe6.jpg,nen,openimages,CC BY 2.0,,https://storage.googleapis.com/openimages/web/visualizer/index.html?image=982bddbe0fa96b46
nen/bee397f4c991f6d9.jpg,nen,openimages,CC BY 2.0,,https://storage.googleapis.com/openimages/web/visualizer/index.html?image=8e01a5cc2137e2e1
nen/bf091eb070fe902e.jpg,nen,openimages,CC BY 2.0,,https://storage.googleapis.com/openimages/web/visualizer/index.html?image=4c26ea3d8f107d3a
nen/bf2784941384f1d5.jpg,nen,openimages,CC BY 2.0,,https://storage.googleapis.com/openimages/web/visualizer/index.html?image=2282e986bb1f0801
nen/bf504d808af02c16.jpg,nen,openimages,CC BY 2.0,,https://storage.googleapis.com/openimages/web/visualizer/index.html?image=614f5424c9f7e5b1
nen/bf5d37cce2bfc2a3.jpg,nen,openimages,CC BY 2.0,,https://storage.googleapis.com/openimages/web/visualizer/index.html?image=ea7425bbb0dac651
nen/bf8f04082d8726bb.jpg,nen,openimages,CC BY 2.0,,https://storage.googleapis.com/openimages/web/visualizer/index.html?image=236312e1ad8cf513
nen/bf9d297b84ebc429.jpg,nen,openimages,CC BY 2.0,,https://storage.googleapis.com/openimages/web/visualizer/index.html?image=8198d7680a7a0188
nen/bfa35d04875e2dab.jpg,nen,openimages,CC BY 2.0,,https://storage.googleapis.com/openimages/web/visualizer/index.html?image=b3f42b40aa8760e3
nen/bfb1374756735574.jpg,nen,openimages,CC BY 2.0,,https://storage.googleapis.com/openimages/web/visualizer/index.html?image=015b7c193a8bdb33
nen/c0d25ef3ef42347f.jpg,nen,openimages,CC BY 2.0,,https://storage.googleapis.com/openimages/web/visualizer/index.html?image=4ec435b8f49d36c1
nen/c174ab4ad106db2a.jpg,nen,openimages,CC BY 2.0,,https://storage.googleapis.com/openimages/web/visualizer/index.html?image=cda061645b1ecb39
nen/c24981163f9ffb98.jpg,nen,openimages,CC BY 2.0,,https://storage.googleapis.com/openimages/web/visualizer/index.html?image=1ddc944b23c6467f
nen/c24e68d8d4fe5059.jpg,nen,openimages,CC BY 2.0,,https://storage.googleapis.com/openimages/web/visualizer/index.html?image=cf2ba7a21f433e4b
nen/c281405769c33313.jpg,nen,openimages,CC BY 2.0,,https://storage.googleapis.com/openimages/web/visualizer/index.html?image=b41a52215bd10fe3
nen/c2aabf5fb3fa49ac.jpg,nen,openimages,CC BY 2.0,,https://storage.googleapis.com/openimages/web/visualizer/index.html?image=0dc323f46317ff18
nen/c516a11719d0f354.jpg,nen,openimages,CC BY 2.0,,https://storage.googleapis.com/openimages/web/visualizer/index.html?image=55e1a4c99ff3abb1
nen/c645578b5d54c16a.jpg,nen,openimages,CC BY 2.0,,https://storage.googleapis.com/openimages/web/visualizer/index.html?image=91559cc0086b6567
nen/c661efd0ef5fbb4d.jpg,nen,openimages,CC BY 2.0,,https://storage.googleapis.com/openimages/web/visualizer/index.html?image=2096991d34124f60
nen/c6ae2e04fbb4cc5a.jpg,nen,openimages,CC BY 2.0,,https://storage.googleapis.com/openimages/web/visualizer/index.html?image=18aa94d1824e35ec
nen/c70a426ec3bab2c2.jpg,nen,openimages,CC BY 2.0,,https://storage.googleapis.com/openimages/web/visualizer/index.html?image=000e15227e915196
nen/c7690d08eec15721.jpg,nen,openimages,CC BY 2.0,,https://storage.googleapis.com/openimages/web/visualizer/index.html?image=f8250a1193c77c57
nen/c7964475e4fcd622.jpg,nen,openimages,CC BY 2.0,,https://storage.googleapis.com/openimages/web/visualizer/index.html?image=e2a0d7c0afd05398
nen/c7fb392a3ac0a02f.jpg,nen,openimages,CC BY 2.0,,https://storage.googleapis.com/openimages/web/visualizer/index.html?image=deaf71f87f7b7a06
nen/c80aad74262b88c2.jpg,nen,openimages,CC BY 2.0,,https://storage.googleapis.com/openimages/web/visualizer/index.html?image=69e3ee9792879f7e
nen/c849482367420746.jpg,nen,openimages,CC BY 2.0,,https://storage.googleapis.com/openimages/web/visualizer/index.html?image=a34e83505946df97
nen/c8ec833b7c9eb048.jpg,nen,openimages,CC BY 2.0,,https://storage.googleapis.com/openimages/web/visualizer/index.html?image=77ee1615e5078ca9
nen/c974664039f16cc2.jpg,nen,openimages,CC BY 2.0,,https://storage.googleapis.com/openimages/web/visualizer/index.html?image=e98ddd0e5794878a
nen/c9bcf13e4adb6177.jpg,nen,openimages,CC BY 2.0,,https://storage.googleapis.com/openimages/web/visualizer/index.html?image=c2f5e77f42f023cf
nen/ca8c643ab3e1ee9b.jpg,nen,openimages,CC BY 2.0,,https://storage.googleapis.com/openimages/web/visualizer/index.html?image=72f4b84d07d7d12f
nen/cab9364c8e1fba1c.jpg,nen,openimages,CC BY 2.0,,https://storage.googleapis.com/openimages/web/visualizer/index.html?image=083a7960166d4d9a
nen/cb07f9271472b82f.jpg,nen,openimages,CC BY 2.0,,https://storage.googleapis.com/openimages/web/visualizer/index.html?image=901a2d339cc399d1
nen/cb1ffd6f425f34f2.jpg,nen,openimages,CC BY 2.0,,https://storage.googleapis.com/openimages/web/visualizer/index.html?image=cde1d6ec175fefcd
nen/cb8f20b7f1cf03c5.jpg,nen,openimages,CC BY 2.0,,https://storage.googleapis.com/openimages/web/visualizer/index.html?image=bf0606a30f986837
nen/cc555eee8f1af502.jpg,nen,openimages,CC BY 2.0,,https://storage.googleapis.com/openimages/web/visualizer/index.html?image=8823941c71a7239f
nen/cc97b2895a8981a3.jpg,nen,openimages,CC BY 2.0,,https://storage.googleapis.com/openimages/web/visualizer/index.html?image=b8fc935ddf10d5e9
nen/cd1de52aa23491bd.jpg,nen,openimages,CC BY 2.0,,https://storage.googleapis.com/openimages/web/visualizer/index.html?image=69b4d3e085fd3a53
nen/ce2bd90083624d55.jpg,nen,openimages,CC BY 2.0,,https://storage.googleapis.com/openimages/web/visualizer/index.html?image=1e8ed8810754c175
nen/ce7321a20750a3de.jpg,nen,openimages,CC BY 2.0,,https://storage.googleapis.com/openimages/web/visualizer/index.html?image=3b1655104d0a0744
nen/ceb2e80eaceee977.jpg,nen,openimages,CC BY 2.0,,https://storage.googleapis.com/openimages/web/visualizer/index.html?image=bb26371f323f30c6
nen/cebe06752af16a57.jpg,nen,openimages,CC BY 2.0,,https://storage.googleapis.com/openimages/web/visualizer/index.html?image=c21cd0b112e339a2
nen/ced626deeb9bab26.jpg,nen,openimages,CC BY 2.0,,https://storage.googleapis.com/openimages/web/visualizer/index.html?image=4319a45444d209f9
nen/cf913f094c43cf4d.jpg,nen,openimages,CC BY 2.0,,https://storage.googleapis.com/openimages/web/visualizer/index.html?image=2712dc2931e3f17d
nen/cfc35d3c8748e544.jpg,nen,openimages,CC BY 2.0,,https://storage.googleapis.com/openimages/web/visualizer/index.html?image=6bdf59e855cbdbf4
nen/d0491d5b3944d7e8.jpg,nen,openimages,CC BY 2.0,,https://storage.googleapis.com/openimages/web/visualizer/index.html?image=97927c2026c4471b
nen/d0751e194770bdb4.jpg,nen,openimages,CC BY 2.0,,https://storage.googleapis.com/openimages/web/visualizer/index.html?image=ef7fbeebdc1adcd4
nen/d07a99edb583bf49.jpg,nen,openimages,CC BY 2.0,,https://storage.googleapis.com/openimages/web/visualizer/index.html?image=28333431b4246ec2
nen/d0a908368d3cc4d3.jpg,nen,openimages,CC BY 2.0,,https://storage.googleapis.com/openimages/web/visualizer/index.html?image=117bfddaca0ba90f
nen/d0be97ddf7464fe7.jpg,nen,openimages,CC BY 2.0,,https://storage.googleapis.com/openimages/web/visualizer/index.html?image=c599a7662b82333c
nen/d0ed66dc591d574f.jpg,nen,openimages,CC BY 2.0,,https://storage.googleapis.com/openimages/web/visualizer/index.html?image=a420e815016abe32
nen/d1a653da634c6f22.jpg,nen,openimages,CC BY 2.0,,https://storage.googleapis.com/openimages/web/visualizer/index.html?image=1481eb3e94396034
nen/d2b7c433fa0550e1.jpg,nen,openimages,CC BY 2.0,,https://storage.googleapis.com/openimages/web/visualizer/index.html?image=c164995cc6d6cbcc
nen/d339ee9f00c7be0d.jpg,nen,openimages,CC BY 2.0,,https://storage.googleapis.com/openimages/web/visualizer/index.html?image=b3ba2f1afeff83cb
nen/d3597feea45a6899.jpg,nen,openimages,CC BY 2.0,,https://storage.googleapis.com/openimages/web/visualizer/index.html?image=c37aa2d6a69d91d8
nen/d3cd8ab2cfccded1.jpg,nen,openimages,CC BY 2.0,,https://storage.googleapis.com/openimages/web/visualizer/index.html?image=918fb19770c0384a
nen/d3ea280476e57924.jpg,nen,openimages,CC BY 2.0,,https://storage.googleapis.com/openimages/web/visualizer/index.html?image=c4890e35e953fe5e
nen/d50c2479222ae56e.jpg,nen,openimages,CC BY 2.0,,https://storage.googleapis.com/openimages/web/visualizer/index.html?image=12c3a23704356d5b
nen/d51febee49c6d1aa.jpg,nen,openimages,CC BY 2.0,,https://storage.googleapis.com/openimages/web/visualizer/index.html?image=41b33ed9017da9c5
nen/d5369f83cafd7648.jpg,nen,openimages,CC BY 2.0,,https://storage.googleapis.com/openimages/web/visualizer/index.html?image=56300e245bad3d7c
nen/d5544d5aa8c9333c.jpg,nen,openimages,CC BY 2.0,,https://storage.googleapis.com/openimages/web/visualizer/index.html?image=e3d380d66d003f32
nen/d74b62e11d9838b4.jpg,nen,openimages,CC BY 2.0,,https://storage.googleapis.com/openimages/web/visualizer/index.html?image=72c71278afc338ff
nen/d757bfce5cafa0e3.jpg,nen,openimages,CC BY 2.0,,https://storage.googleapis.com/openimages/web/visualizer/index.html?image=5c4f3b421fa47dbb
nen/d76f42f3ed06635d.jpg,nen,openimages,CC BY 2.0,,https://storage.googleapis.com/openimages/web/visualizer/index.html?image=004c6f5dc92b156d
nen/d7c35b673710b64e.jpg,nen,openimages,CC BY 2.0,,https://storage.googleapis.com/openimages/web/visualizer/index.html?image=023a112cd9dab5db
nen/d8a1390b379a7a5d.jpg,nen,openimages,CC BY 2.0,,https://storage.googleapis.com/openimages/web/visualizer/index.html?image=52c968de7c79e28c
nen/d8b7ab17441a7d0f.jpg,nen,openimages,CC BY 2.0,,https://storage.googleapis.com/openimages/web/visualizer/index.html?image=81af8432ebaba516
nen/d8cea48bdafb390c.jpg,nen,openimages,CC BY 2.0,,https://storage.googleapis.com/openimages/web/visualizer/index.html?image=6da29debd61abea4
nen/d9dfe2093221197c.jpg,nen,openimages,CC BY 2.0,,https://storage.googleapis.com/openimages/web/visualizer/index.html?image=0004045124254348
nen/da36b9c9e34476bf.jpg,nen,openimages,CC BY 2.0,,https://storage.googleapis.com/openimages/web/visualizer/index.html?image=64c85853109b1f18
nen/dbb5326c697cf45f.jpg,nen,openimages,CC BY 2.0,,https://storage.googleapis.com/openimages/web/visualizer/index.html?image=04ebfd657c2d2d6f
nen/dd58f9a978ad739a.jpg,nen,openimages,CC BY 2.0,,https://storage.googleapis.com/openimages/web/visualizer/index.html?image=fd10b9bad236346a
nen/ddc2e3dfe3f6cfa8.jpg,nen,openimages,CC BY 2.0,,https://storage.googleapis.com/openimages/web/visualizer/index.html?image=d0da8b15e7202689
nen/dde6afc5f8145e27.jpg,nen,openimages,CC BY 2.0,,https://storage.googleapis.com/openimages/web/visualizer/index.html?image=c9daa7d46a286e22
nen/de0e2c06509899f7.jpg,nen,openimages,CC BY 2.0,,https://storage.googleapis.com/openimages/web/visualizer/index.html?image=f30324010ecd1329
nen/de33f1a927f75d95.jpg,nen,openimages,CC BY 2.0,,https://storage.googleapis.com/openimages/web/visualizer/index.html?image=5e1173cc748749ee
nen/de5ae860ef06d0d4.jpg,nen,openimages,CC BY 2.0,,https://storage.googleapis.com/openimages/web/visualizer/index.html?image=64ffeb832bc0da79
nen/de5cb68807309ca3.jpg,nen,openimages,CC BY 2.0,,https://storage.googleapis.com/openimages/web/visualizer/index.html?image=55aaadde9e223dc3
nen/dece4a68d9d5cfa4.jpg,nen,openimages,CC BY 2.0,,https://storage.googleapis.com/openimages/web/visualizer/index.html?image=dce0502b2f63eaf8
nen/df48b5c7191c912e.jpg,nen,openimages,CC BY 2.0,,https://storage.googleapis.com/openimages/web/visualizer/index.html?image=34659934300136e5
nen/dfb1de527b93768d.jpg,nen,openimages,CC BY 2.0,,https://storage.googleapis.com/openimages/web/visualizer/index.html?image=980427daf8b79bb2
nen/dfbbd861ce54cfce.jpg,nen,openimages,CC BY 2.0,,https://storage.googleapis.com/openimages/web/visualizer/index.html?image=8fbb5fa801f9111b
nen/dfc8548c70925b69.jpg,nen,openimages,CC BY 2.0,,https://storage.googleapis.com/openimages/web/visualizer/index.html?image=d3b64f4c90cacae2
nen/e05e0050cf660649.jpg,nen,openimages,CC BY 2.0,,https://storage.googleapis.com/openimages/web/visualizer/index.html?image=d64c3f246b46eab5
nen/e0d84549a2017086.jpg,nen,openimages,CC BY 2.0,,https://storage.googleapis.com/openimages/web/visualizer/index.html?image=a83a25e9cef2a5e0
nen/e2abc19028c80304.jpg,nen,openimages,CC BY 2.0,,https://storage.googleapis.com/openimages/web/visualizer/index.html?image=32f108a1a9fb433f
nen/e4f67fa666d65f03.jpg,nen,openimages,CC BY 2.0,,https://storage.googleapis.com/openimages/web/visualizer/index.html?image=1367c87c7319e917
nen/e4fa8cee629f2af7.jpg,nen,openimages,CC BY 2.0,,https://storage.googleapis.com/openimages/web/visualizer/index.html?image=14222411d7cfe7a5
nen/e5d14d425f1cd259.jpg,nen,openimages,CC BY 2.0,,https://storage.googleapis.com/openimages/web/visualizer/index.html?image=1d5caa956b825288
nen/e621d91baad3c743.jpg,nen,openimages,CC BY 2.0,,https://storage.googleapis.com/openimages/web/visualizer/index.html?image=054a4962f768b7b4
nen/e6a8ebf664a3d699.jpg,nen,openimages,CC BY 2.0,,https://storage.googleapis.com/openimages/web/visualizer/index.html?image=d46c2725adbeb100
nen/e6b5896e847d1a22.jpg,nen,openimages,CC BY 2.0,,https://storage.googleapis.com/openimages/web/visualizer/index.html?image=55a07da8ae27b8ca
nen/e6d7dbaf9908c3cb.jpg,nen,openimages,CC BY 2.0,,https://storage.googleapis.com/openimages/web/visualizer/index.html?image=845a6ce3578792a3
nen/e7dc03646735cab8.jpg,nen,openimages,CC BY 2.0,,https://storage.googleapis.com/openimages/web/visualizer/index.html?image=41a46371b5db042b
nen/e826b1b4058b9fbf.jpg,nen,openimages,CC BY 2.0,,https://storage.googleapis.com/openimages/web/visualizer/index.html?image=5c5d2eddecfad864
nen/e83e15e394035977.jpg,nen,openimages,CC BY 2.0,,https://storage.googleapis.com/openimages/web/visualizer/index.html?image=34e8564c7b304e5c
nen/e954ff319f231f1b.jpg,nen,openimages,CC BY 2.0,,https://storage.googleapis.com/openimages/web/visualizer/index.html?image=d5f7fb3ac4dfd0b5
nen/e96ab27a507c0be3.jpg,nen,openimages,CC BY 2.0,,https://storage.googleapis.com/openimages/web/visualizer/index.html?image=ce2592246fa088fc
nen/e97ce8e521632e54.jpg,nen,openimages,CC BY 2.0,,https://storage.googleapis.com/openimages/web/visualizer/index.html?image=d67db9b975364b70
nen/e9a957c8d6d427a9.jpg,nen,openimages,CC BY 2.0,,https://storage.googleapis.com/openimages/web/visualizer/index.html?image=8f3be3a7468768c1
nen/ea291e7101d0199e.jpg,nen,openimages,CC BY 2.0,,https://storage.googleapis.com/openimages/web/visualizer/index.html?image=a13b845f78a81376
nen/ea2ca48a75c941ff.jpg,nen,openimages,CC BY 2.0,,https://storage.googleapis.com/openimages/web/visualizer/index.html?image=8cd38c539c407ce5
nen/ea7fdad41fd70cb8.jpg,nen,openimages,CC BY 2.0,,https://storage.googleapis.com/openimages/web/visualizer/index.html?image=774a72e3ac1268dd
nen/eae019ac42d5487f.jpg,nen,openimages,CC BY 2.0,,https://storage.googleapis.com/openimages/web/visualizer/index.html?image=35051969306b6fb6
nen/eb527bfd5def8bcc.jpg,nen,openimages,CC BY 2.0,,https://storage.googleapis.com/openimages/web/visualizer/index.html?image=4180cb79c852d352
nen/ebc8e5446e118f5e.jpg,nen,openimages,CC BY 2.0,,https://storage.googleapis.com/openimages/web/visualizer/index.html?image=eab90723e1121cd6
nen/ec5f06798702a4af.jpg,nen,openimages,CC BY 2.0,,https://storage.googleapis.com/openimages/web/visualizer/index.html?image=b274ba839e7a0b55
nen/ece064ee9cc4ab25.jpg,nen,openimages,CC BY 2.0,,https://storage.googleapis.com/openimages/web/visualizer/index.html?image=724ce46f8aa031b1
nen/eddefdda308ef348.jpg,nen,openimages,CC BY 2.0,,https://storage.googleapis.com/openimages/web/visualizer/index.html?image=e2656fb62b8e6d74
nen/ee855b5262a4f539.jpg,nen,openimages,CC BY 2.0,,https://storage.googleapis.com/openimages/web/visualizer/index.html?image=073c8b2acc28b203
nen/eea16faa6782a6be.jpg,nen,openimages,CC BY 2.0,,https://storage.googleapis.com/openimages/web/visualizer/index.html?image=bf0c740c67278b71
nen/ef83d21c6d0c50d0.jpg,nen,openimages,CC BY 2.0,,https://storage.googleapis.com/openimages/web/visualizer/index.html?image=fc92d99375274130
nen/efab639c1497121a.jpg,nen,openimages,CC BY 2.0,,https://storage.googleapis.com/openimages/web/visualizer/index.html?image=0009d1afd95f318e
nen/effcd107a414b319.jpg,nen,openimages,CC BY 2.0,,https://storage.googleapis.com/openimages/web/visualizer/index.html?image=a978851537d2ce8a
nen/f11d2b88555a3d5c.jpg,nen,openimages,CC BY 2.0,,https://storage.googleapis.com/openimages/web/visualizer/index.html?image=456be34b05b909bf
nen/f186ab9def1c0ac5.jpg,nen,openimages,CC BY 2.0,,https://storage.googleapis.com/openimages/web/visualizer/index.html?image=253aa3f5e8f01cde
nen/f1d17c7e2a3c92d5.jpg,nen,openimages,CC BY 2.0,,https://storage.googleapis.com/openimages/web/visualizer/index.html?image=f0dbba203bfc7328
nen/f248dbd3998bdb9b.jpg,nen,openimages,CC BY 2.0,,https://storage.googleapis.com/openimages/web/visualizer/index.html?image=f5129da24026bd8c
nen/f26135c69e37684d.jpg,nen,openimages,CC BY 2.0,,https://storage.googleapis.com/openimages/web/visualizer/index.html?image=ce92438a2257c8d6
nen/f41bd22c004dabc5.jpg,nen,openimages,CC BY 2.0,,https://storage.googleapis.com/openimages/web/visualizer/index.html?image=cd0c576537842e75
nen/f42ad79d974f447c.jpg,nen,openimages,CC BY 2.0,,https://storage.googleapis.com/openimages/web/visualizer/index.html?image=28c4bee0b793d5f6
nen/f42ce390adf033b1.jpg,nen,openimages,CC BY 2.0,,https://storage.googleapis.com/openimages/web/visualizer/index.html?image=1feeae576237d190
nen/f484f60f0198d170.jpg,nen,openimages,CC BY 2.0,,https://storage.googleapis.com/openimages/web/visualizer/index.html?image=2adb6a6a9e89f9be
nen/f4b7114549ec6a00.jpg,nen,openimages,CC BY 2.0,,https://storage.googleapis.com/openimages/web/visualizer/index.html?image=f9ceea4caa9a0a6b
nen/f65ea5e4471e3676.jpg,nen,openimages,CC BY 2.0,,https://storage.googleapis.com/openimages/web/visualizer/index.html?image=a0f1289bb0039658
nen/f6b932d3e9fc352a.jpg,nen,openimages,CC BY 2.0,,https://storage.googleapis.com/openimages/web/visualizer/index.html?image=6798bafa1a4158f9
nen/f742845984c60f08.jpg,nen,openimages,CC BY 2.0,,https://storage.googleapis.com/openimages/web/visualizer/index.html?image=aec2260a29113492
nen/f75c975b978bcdb7.jpg,nen,openimages,CC BY 2.0,,https://storage.googleapis.com/openimages/web/visualizer/index.html?image=715aec5bf8ca0056
nen/f7967e3da173466e.jpg,nen,openimages,CC BY 2.0,,https://storage.googleapis.com/openimages/web/visualizer/index.html?image=ec574d6c6479527e
nen/f7e001e42f6de712.jpg,nen,openimages,CC BY 2.0,,https://storage.googleapis.com/openimages/web/visualizer/index.html?image=1fe7ff738bb101b6
nen/f986e5ee153ec9cc.jpg,nen,openimages,CC BY 2.0,,https://storage.googleapis.com/openimages/web/visualizer/index.html?image=fd0828e6ea2b01cf
nen/f9d7de94d43423fc.jpg,nen,openimages,CC BY 2.0,,https://storage.googleapis.com/openimages/web/visualizer/index.html?image=01427f295a313b3b
nen/fa035b190471878c.jpg,nen,openimages,CC BY 2.0,,https://storage.googleapis.com/openimages/web/visualizer/index.html?image=c1ffaaf5886daa40
nen/fafefc449c866146.jpg,nen,openimages,CC BY 2.0,,https://storage.googleapis.com/openimages/web/visualizer/index.html?image=93b53db498d2a186
nen/fbfea0a589e264a6.jpg,nen,openimages,CC BY 2.0,,https://storage.googleapis.com/openimages/web/visualizer/index.html?image=326515531a679594
nen/fc2c3f7b847dd002.jpg,nen,openimages,CC BY 2.0,,https://storage.googleapis.com/openimages/web/visualizer/index.html?image=e4b343c32c0a731f
nen/fd43cb221b302322.jpg,nen,openimages,CC BY 2.0,,https://storage.googleapis.com/openimages/web/visualizer/index.html?image=76ccd06f654392a2
nen/fd88deaaa2a82ce9.jpg,nen,openimages,CC BY 2.0,,https://storage.googleapis.com/openimages/web/visualizer/index.html?image=b7d1e3453221bac7
nen/fe114a2d8ed844a0.jpg,nen,openimages,CC BY 2.0,,https://storage.googleapis.com/openimages/web/visualizer/index.html?image=65e413044094f89a
nen/fe587969a24329ac.jpg,nen,openimages,CC BY 2.0,,https://storage.googleapis.com/openimages/web/visualizer/index.html?image=bc40cab2cc23b0e6
nen/feb7da41a37b5d72.jpg,nen,openimages,CC BY 2.0,,https://storage.googleapis.com/openimages/web/visualizer/index.html?image=c9e95818616bc961
nen/fed3b2e9765cb34c.jpg,nen,openimages,CC BY 2.0,,https://storage.googleapis.com/openimages/web/visualizer/index.html?image=74c74152b2e6da32
nen/ff625d84e59ef33d.jpg,nen,openimages,CC BY 2.0,,https://storage.googleapis.com/openimages/web/visualizer/index.html?image=7a01ac0bb6087e23
nen/ff8a1bca7d1c92a3.jpg,nen,openimages,CC BY 2.0,,https://storage.googleapis.com/openimages/web/visualizer/index.html?image=2eeaf62ff32ee6d8
giua/001e53e2099ed230.jpg,giua,openverse:flickr,by-nc-sa 2.0,Noel C. Hankamer,https://www.flickr.com/photos/12926199@N08/4437580590
tua_vit/029778657fda8bdf.jpg,tua_vit,openverse:rawpixel,cc0 1.0,,https://www.rawpixel.com/image/6290309/image-public-domain-illustrations-red
tua_vit/05b3fcfe1c6c6505.jpg,tua_vit,openverse:flickr,by-nc-sa 2.0,adafruit,https://www.flickr.com/photos/35434449@N08/9618050760
tua_vit/063a9581acdeec28.jpg,tua_vit,openimages,CC BY 2.0,,
tua_vit/085281721641961c.jpg,tua_vit,openverse:flickr,by-nc-sa 2.0,adafruit,https://www.flickr.com/photos/35434449@N08/9617269558
tua_vit/0875811cc60333a5.jpg,tua_vit,openimages,CC BY 2.0,,
tua_vit/088e3e1e7368b0e1.jpg,tua_vit,openverse:rawpixel,cc0 1.0,,https://www.rawpixel.com/image/6329846/png-sticker-public-domain
tua_vit/09a25bec69c56187.jpg,tua_vit,wikimedia-commons,CC BY-SA 2.0,"<a rel=""nofollow"" class=""external text"" href=""https://www.flickr.com/people/8868801@N03"">Iwao</a> from Tokyo, Japan",https://commons.wikimedia.org/wiki/File:MAC_Tools_screwdrivers_(49972375983).jpg
tua_vit/0bf61fca116dee08.jpg,tua_vit,openverse:flickr,by 2.0,chimpwithcan,https://www.flickr.com/photos/188454520@N02/49927043523
tua_vit/0c70ad9201ad9d48.jpg,tua_vit,openverse:flickr,by 2.0,Public Domain Photos,https://www.flickr.com/photos/28958738@N06/4904993366
tua_vit/11230ac937efc5c2.jpg,tua_vit,openverse:flickr,by-nc-sa 2.0,hhjjj,https://www.flickr.com/photos/33551188@N03/8391339409
tua_vit/11c19be48780f28f.jpg,tua_vit,wikimedia-commons,GFDL,"<a href=""//commons.wikimedia.org/wiki/User:Lucamon97"" title=""User:Lucamon97"">Lucamon97</a>",https://commons.wikimedia.org/wiki/File:BetaEasy_Bit-Halter.jpg
tua_vit/18632b11aee7fbb1.jpg,tua_vit,openverse:flickr,by-nc 2.0,mr.smashy,https://www.flickr.com/photos/41139106@N00/3293470121
tua_vit/1912856e48d239a2.jpg,tua_vit,wikimedia-commons,CC BY-SA 3.0,"<a href=""https://en.wikipedia.org/wiki/User:Typhoon"" class=""extiw"" title=""en:User:Typhoon"">J.C. Fields</a> (<a href=""htt",https://commons.wikimedia.org/wiki/File:Ideal_speeder_screwdrivers.jpg
tua_vit/1b854815e85e782a.jpg,tua_vit,openimages,CC BY 2.0,,
tua_vit/1c72cf022273151e.jpg,tua_vit,openverse:flickr,by 2.0,trebomb,https://www.flickr.com/photos/13988857@N00/5930282564
tua_vit/1d27e8668f849677.jpg,tua_vit,openimages,CC BY 2.0,,
tua_vit/1e4e507da95fcf8a.jpg,tua_vit,wikimedia-commons,CC BY-SA 4.0,"<a href=""//commons.wikimedia.org/w/index.php?title=User:Chesemiser&amp;action=edit&amp;redlink=1"" class=""new"" title=""Use",https://commons.wikimedia.org/wiki/File:Frey_co_screwdriver.jpg
tua_vit/229767229e87f819.jpg,tua_vit,wikimedia-commons,CC BY-SA 3.0,"<a href=""https://en.wikipedia.org/wiki/User:Typhoon"" class=""extiw"" title=""en:User:Typhoon"">J.C. Fields</a> (<a href=""htt",https://commons.wikimedia.org/wiki/File:Klein_cushion_grip_screwdrivers.jpg
tua_vit/23f57b64605c160d.jpg,tua_vit,openverse:flickr,by 2.0,HomeSpot HQ,https://www.flickr.com/photos/86639298@N02/8559725421
tua_vit/29a7ec6fc4a0593f.jpg,tua_vit,openverse:flickr,by 2.0,chimpwithcan,https://www.flickr.com/photos/188454520@N02/49906402056
tua_vit/2b95e2483feb1fe0.jpg,tua_vit,openverse:flickr,by-nc 2.0,andreas.hopf,https://www.flickr.com/photos/33257255@N02/4214290510
tua_vit/2d6faa6966ee5893.jpg,tua_vit,openimages,CC BY 2.0,,
tua_vit/371d086b9c3d72d0.jpg,tua_vit,openverse:flickr,by 2.0,HomeSpot HQ,https://www.flickr.com/photos/86639298@N02/8559735387
tua_vit/398cfa5a9e6aee6e.jpg,tua_vit,openverse:flickr,by-sa 2.0,gomattolson,https://www.flickr.com/photos/57537089@N00/316824200
tua_vit/3a2614d106d71538.jpg,tua_vit,openverse:flickr,by 2.0,blmurch,https://www.flickr.com/photos/82439748@N00/149423679
tua_vit/3a72f4b0d69164b2.jpg,tua_vit,openverse:flickr,by-nc-sa 2.0,tudedude,https://www.flickr.com/photos/53354512@N00/3772601023
tua_vit/3b5a6f276dce41df.jpg,tua_vit,openimages,CC BY 2.0,,
tua_vit/3bdd4969350d40a2.jpg,tua_vit,openverse:flickr,by 2.0,Public Domain Photos,https://www.flickr.com/photos/28958738@N06/7539142020
tua_vit/3be43c1e41bc05d9.jpg,tua_vit,openimages,CC BY 2.0,,
giua/3c07dfb49ae2323a.jpg,giua,openverse:flickr,by-nc-sa 2.0,Noel C. Hankamer,https://www.flickr.com/photos/12926199@N08/4436804979
tua_vit/3c6dbda7928f8bb6.jpg,tua_vit,openimages,CC BY 2.0,,
tua_vit/405eec38349c9ea0.jpg,tua_vit,wikimedia-commons,CC BY 4.0,"<b><a href=""//commons.wikimedia.org/wiki/User:%E5%A4%9A%E5%A4%9A123"" class=""mw-redirect"" title=""User:多多123"">多多123</a></b",https://commons.wikimedia.org/wiki/File:Black_screwdriver.png
tua_vit/409bbcfe614e159f.jpg,tua_vit,openverse:flickr,by 2.0,chimpwithcan,https://www.flickr.com/photos/188454520@N02/49927865257
tua_vit/4588e02c79c4f76e.jpg,tua_vit,wikimedia-commons,CC BY 2.0,"<a href=""//commons.wikimedia.org/wiki/User:Shixart1985"" title=""User:Shixart1985"">Shixart1985</a>",https://commons.wikimedia.org/wiki/File:Hand_working_with_screw_and_screwdriver_on_wooden_project_in_bright_outdoor_workspace.jpg
tua_vit/4634959f91c59050.jpg,tua_vit,openverse:flickr,by-nc-sa 2.0,tudedude,https://www.flickr.com/photos/53354512@N00/49933767301
tua_vit/477d392201b14e82.jpg,tua_vit,openimages,CC BY 2.0,,
tua_vit/49c8e8bd298a4263.jpg,tua_vit,wikimedia-commons,CC BY 2.0,"<p><a rel=""nofollow"" class=""external text"" href=""https://www.flickr.com/photos/themarmot/"">The Marmot</a>.
</p>
Original",https://commons.wikimedia.org/wiki/File:Klein_screwdrivers.jpg
tua_vit/4b9f5ac51b3b6a75.jpg,tua_vit,openverse:flickr,by-nc-sa 2.0,Solarbotics,https://www.flickr.com/photos/46265243@N00/4586956415
tua_vit/4c3d3f99b7b470ea.jpg,tua_vit,wikimedia-commons,Public domain,M338,https://commons.wikimedia.org/wiki/File:Vessel_Ball-Grip_Screwdriver_No.220_Ph_No.2_x_100_(cropped).jpg
tua_vit/4cbc516cd76e727b.jpg,tua_vit,wikimedia-commons,CC BY-SA 3.0,"<a href=""//commons.wikimedia.org/wiki/User:Mk2010"" title=""User:Mk2010"">Mk2010</a>",https://commons.wikimedia.org/wiki/File:Multi-bit_screwdriver.jpg
tua_vit/4d52380f046ec3d9.jpg,tua_vit,openimages,CC BY 2.0,,
tua_vit/4e82b444299abba9.jpg,tua_vit,openimages,CC BY 2.0,,
tua_vit/4ed7904a8af2b3b0.jpg,tua_vit,openverse:flickr,by 2.0,toolstop,https://www.flickr.com/photos/42408834@N06/5725861240
tua_vit/4fe6b1b95f11a05f.jpg,tua_vit,openverse:flickr,by-sa 2.0,Ivy Dawned,https://www.flickr.com/photos/30264437@N02/2842044504
tua_vit/519ef6bbed60eb24.jpg,tua_vit,wikimedia-commons,CC BY-SA 4.0,"<a href=""//commons.wikimedia.org/wiki/User:Frettie"" title=""User:Frettie"">Jiří Sedláček</a>",https://commons.wikimedia.org/wiki/File:Bit_screwdriver.jpg
tua_vit/52a9cb0c537be172.jpg,tua_vit,openverse:flickr,by-nd 2.0,KiyoKatu,https://www.flickr.com/photos/59375707@N04/5679133488
tua_vit/536fa93b7a14011e.jpg,tua_vit,wikimedia-commons,CC BY-SA 3.0,"<a href=""//commons.wikimedia.org/wiki/User:Patilsaurabhr"" title=""User:Patilsaurabhr"">Saurabh R. Patil</a>",https://commons.wikimedia.org/wiki/File:A_screwdriver_tip.jpg
tua_vit/55545c0729594766.jpg,tua_vit,wikimedia-commons,Public domain,Leon Brooks,https://commons.wikimedia.org/wiki/File:Flat_minus_screwdriver_on_table.jpg
tua_vit/5636a7c0bd7db0e5.jpg,tua_vit,wikimedia-commons,CC BY-SA 4.0,"<a href=""//commons.wikimedia.org/w/index.php?title=User:Jespeer&amp;action=edit&amp;redlink=1"" class=""new"" title=""User:J",https://commons.wikimedia.org/wiki/File:CacciavitePanciaStella.JPG
tua_vit/5924815619e8a560.jpg,tua_vit,openverse:flickr,by-nc-sa 2.0,adafruit,https://www.flickr.com/photos/35434449@N08/20102740539
tua_vit/5cafdd8e796d68ae.jpg,tua_vit,openverse:flickr,by 2.0,Lisa Padilla,https://www.flickr.com/photos/43885961@N00/428585639
tua_vit/5d5306100201dc88.jpg,tua_vit,wikimedia-commons,CC BY-SA 4.0,"<a href=""//commons.wikimedia.org/w/index.php?title=User:Elkouriomar&amp;action=edit&amp;redlink=1"" class=""new"" title=""Us",https://commons.wikimedia.org/wiki/File:09_CacciaviteTaglionero.JPG
tua_vit/5df0937e7af748bb.jpg,tua_vit,wikimedia-commons,CC BY 2.0,"<a rel=""nofollow"" class=""external text"" href=""https://www.flickr.com/people/35448539@N00"">Blake Patterson</a> from Alexa",https://commons.wikimedia.org/wiki/File:My_SGI_screwdriver_(49631132651).jpg
tua_vit/5f06c39a41915e59.jpg,tua_vit,openverse:rawpixel,cc0 1.0,,https://www.rawpixel.com/image/6290270/png-sticker-public-domain
tua_vit/60649c5a1ca86bd5.jpg,tua_vit,openimages,CC BY 2.0,,
tua_vit/61d99243d96aa926.jpg,tua_vit,openverse:flickr,by-nc-nd 2.0,sirwiseowl,https://www.flickr.com/photos/36682523@N00/10582145274
tua_vit/63043a81b59238f1.jpg,tua_vit,openverse:flickr,by 2.0,Giancarlo - Foto 4U,https://www.flickr.com/photos/12969681@N04/41835318345
tua_vit/64c06853114ca027.jpg,tua_vit,wikimedia-commons,CC BY 4.0,"<a href=""//commons.wikimedia.org/wiki/User:R._Henrik_Nilsson"" title=""User:R. Henrik Nilsson"">R. Henrik Nilsson</a>",https://commons.wikimedia.org/wiki/File:1980s_Phillips_screwdriver_SMS_2561_by_German_company_Wittekind.jpg
tua_vit/650b555045df6744.jpg,tua_vit,openverse:flickr,by 2.0,Vu What When,https://www.flickr.com/photos/67045873@N02/8148840474
tua_vit/6573265afd903689.jpg,tua_vit,openverse:flickr,by-nc 2.0,pecooper98362,https://www.flickr.com/photos/29261037@N02/8031512127
tua_vit/69180c94a0bd705c.jpg,tua_vit,wikimedia-commons,CC BY-SA 4.0,"<a href=""//commons.wikimedia.org/wiki/User:Ryse93"" class=""mw-redirect"" title=""User:Ryse93"">Ryse93</a>",https://commons.wikimedia.org/wiki/File:Mini_Phillips_screwdriver_(3).jpg
tua_vit/698df9c65146216e.jpg,tua_vit,openverse:rawpixel,cc0 1.0,,https://www.rawpixel.com/image/6329800/vector-sticker-public-domain-illustrations
tua_vit/6a37ea8782381b98.jpg,tua_vit,wikimedia-commons,CC BY-SA 4.0,"<a href=""//commons.wikimedia.org/wiki/User:Ryse93"" class=""mw-redirect"" title=""User:Ryse93"">Ryse93</a>",https://commons.wikimedia.org/wiki/File:Mini_Phillips_screwdriver_(2).jpg
tua_vit/6b51e6b97c70a1c5.jpg,tua_vit,openimages,CC BY 2.0,,
tua_vit/6d4dbf820c2e1e10.jpg,tua_vit,openverse:flickr,by-sa 2.0,Emilio_13,https://www.flickr.com/photos/58748148@N08/6254307843
tua_vit/6d9dabd19cb04814.jpg,tua_vit,openverse:flickr,by 2.0,James Bowe,https://www.flickr.com/photos/29848680@N08/4131812672
kim/6db25d2e10d9cae0.jpg,kim,openverse:flickr,by 2.0,Cebolledo,https://www.flickr.com/photos/83413162@N00/14555700831
tua_vit/6eb8fc280f3d7ea4.jpg,tua_vit,openimages,CC BY 2.0,,
tua_vit/6ec4247870648b7e.jpg,tua_vit,wikimedia-commons,CC BY-SA 3.0,"<a href=""//commons.wikimedia.org/w/index.php?title=User:Ryan_Decker&amp;action=edit&amp;redlink=1"" class=""new"" title=""Us",https://commons.wikimedia.org/wiki/File:Problem_Screwdriver.JPG
bua/71cb103fa8c1a07a.jpg,bua,wikimedia-commons,CC BY-SA 4.0,"<a href=""//commons.wikimedia.org/w/index.php?title=User:Zhilal_Algeiba&amp;action=edit&amp;redlink=1"" class=""new"" title=",https://commons.wikimedia.org/wiki/File:Need_Eachother_20210918.jpg
tua_vit/72a3411167c51c40.jpg,tua_vit,openverse:flickr,by-nc-sa 2.0,tudedude,https://www.flickr.com/photos/53354512@N00/3773408752
tua_vit/738ce8ad43535f4b.jpg,tua_vit,wikimedia-commons,CC BY-SA 3.0,"<a href=""https://en.wikipedia.org/wiki/User:Typhoon"" class=""extiw"" title=""en:User:Typhoon"">J.C. Fields</a> (<a href=""htt",https://commons.wikimedia.org/wiki/File:Ideal_multibit_screwdriver_and_F_connector_tool.jpg
tua_vit/73f18c38ef0ef787.jpg,tua_vit,openverse:flickr,by-nc-sa 2.0,phidauex,https://www.flickr.com/photos/48134690@N00/5189143338
giua/74f643f35bbc8245.jpg,giua,wikimedia-commons,CC0,Nationaal Archief,"https://commons.wikimedia.org/wiki/File:Heer_Smulders_apparaten_enz.,_Bestanddeelnr_903-8537.jpg"
tua_vit/753786f147ba28d1.jpg,tua_vit,wikimedia-commons,CC BY-SA 4.0,"<a href=""//commons.wikimedia.org/w/index.php?title=User:Melissaclemente&amp;action=edit&amp;redlink=1"" class=""new"" title",https://commons.wikimedia.org/wiki/File:CacciaviteTaglioArancio.JPG
tua_vit/75ad9ca1c90c37e3.jpg,tua_vit,wikimedia-commons,CC BY 2.0,"<a rel=""nofollow"" class=""external text"" href=""https://www.flickr.com/people/chefranden/"">Randen Pederson</a>",https://commons.wikimedia.org/wiki/File:Yellow_screwdriver.jpg
tua_vit/75c1945428feec32.jpg,tua_vit,wikimedia-commons,CC BY-SA 4.0,"<a href=""//commons.wikimedia.org/wiki/User:Frettie"" title=""User:Frettie"">Jiří Sedláček</a>",https://commons.wikimedia.org/wiki/File:Big_flat_screwdriver.jpg
tua_vit/77e73c45f59c0c88.jpg,tua_vit,openverse:flickr,by-sa 2.0,SSC-Aviation,https://www.flickr.com/photos/116745893@N02/12640204683
tua_vit/7854d25575a55492.jpg,tua_vit,openimages,CC BY 2.0,,
tua_vit/791d8faf1e243128.jpg,tua_vit,wikimedia-commons,CC BY-SA 4.0,"<a href=""//commons.wikimedia.org/wiki/User:TaurusEmerald"" title=""User:TaurusEmerald"">TaurusEmerald</a>",https://commons.wikimedia.org/wiki/File:Milwaukee_Phillips_Head_Screwdriver.jpg
tua_vit/79f8435ef76cb219.jpg,tua_vit,openverse:flickr,by-sa 2.0,Ivy Dawned,https://www.flickr.com/photos/30264437@N02/4164263268
tua_vit/7af93ef707c492e4.jpg,tua_vit,openverse:flickr,by-nc-sa 2.0,takc,https://www.flickr.com/photos/77488012@N00/1831526124
tua_vit/7c42a89fd65dcad1.jpg,tua_vit,openverse:flickr,by-nc-sa 2.0,dview.us,https://www.flickr.com/photos/28448508@N00/3181065277
tua_vit/7c820cd8034ac10b.jpg,tua_vit,wikimedia-commons,CC BY-SA 4.0,"<a href=""//commons.wikimedia.org/wiki/User:Ryse93"" class=""mw-redirect"" title=""User:Ryse93"">Ryse93</a>",https://commons.wikimedia.org/wiki/File:Mini_Phillips_screwdriver_(4).jpg
tua_vit/7cc40174a68b756b.jpg,tua_vit,openverse:flickr,by-nc 2.0,Rowen Atkinson Photography,https://www.flickr.com/photos/45012438@N00/1335967584
tua_vit/7e4aa2f0dfb01a76.jpg,tua_vit,wikimedia-commons,CC BY-SA 3.0,"<a href=""https://en.wikipedia.org/wiki/User:Typhoon"" class=""extiw"" title=""en:User:Typhoon"">J.C. Fields</a> (<a href=""htt",https://commons.wikimedia.org/wiki/File:Craftsman_cushion_grip_screwdrivers.jpg
tua_vit/807d8e98df4c0aa4.jpg,tua_vit,wikimedia-commons,CC BY-SA 3.0,"<a href=""//commons.wikimedia.org/w/index.php?title=User:Tjcase2&amp;action=edit&amp;redlink=1"" class=""new"" title=""User:T",https://commons.wikimedia.org/wiki/File:Flathead_screwdriver.JPG
tua_vit/819808531ed56f2f.jpg,tua_vit,openverse:flickr,by 2.0,toolstop,https://www.flickr.com/photos/42408834@N06/4730042930
tua_vit/834265aec088fe8f.jpg,tua_vit,openverse:flickr,by 2.0,cogdogblog,https://www.flickr.com/photos/37996646802@N01/9064786538
tua_vit/8443f47f7df20253.jpg,tua_vit,openverse:flickr,by-nc-sa 2.0,adafruit,https://www.flickr.com/photos/35434449@N08/19666720134
tua_vit/845bbd1bccebf7cf.jpg,tua_vit,openimages,CC BY 2.0,,
tua_vit/873ab81cdf6d8068.jpg,tua_vit,wikimedia-commons,CC BY-SA 4.0,"<a href=""//commons.wikimedia.org/wiki/User:Jcubic"" title=""User:Jcubic"">Jakub T. Jankiewicz</a>",https://commons.wikimedia.org/wiki/File:Flat_Black-orage_Screwdriver.jpg
tua_vit/89e5e006623f9b04.jpg,tua_vit,wikimedia-commons,CC BY 2.0,"<a rel=""nofollow"" class=""external text"" href=""https://www.flickr.com/people/86639298@N02"">HomeSpot HQ</a>",https://commons.wikimedia.org/wiki/File:Multi-purpose_Screwdriver_(8559725421).jpg
tua_vit/8ec72f61d9e591ed.jpg,tua_vit,openimages,CC BY 2.0,,
tua_vit/93d919b3e067fd2f.jpg,tua_vit,openverse:flickr,by 2.0,The Marmot,https://www.flickr.com/photos/38142119@N00/857523306
tua_vit/9899ad1e8ff57e7c.jpg,tua_vit,openimages,CC BY 2.0,,
tua_vit/9af105262c51aa89.jpg,tua_vit,openverse:flickr,by-nc 2.0,eltpics,https://www.flickr.com/photos/54942754@N02/7690129134
tua_vit/9b749c3dbb1e2d55.jpg,tua_vit,wikimedia-commons,CC BY-SA 4.0,"<a href=""//commons.wikimedia.org/w/index.php?title=User:Mebordone&amp;action=edit&amp;redlink=1"" class=""new"" title=""User",https://commons.wikimedia.org/wiki/File:Destornillador_multifuncion.jpg
tua_vit/9ca6ad87382c4db6.jpg,tua_vit,openimages,CC BY 2.0,,
giua/a3183e3d608b601d.jpg,giua,wikimedia-commons,CC BY-SA 3.0,M_H.DE,"https://commons.wikimedia.org/wiki/File:Drillschraubendreher,Drillschraubenzieher.jpg"
tua_vit/a3193bcf40fa989b.jpg,tua_vit,openverse:flickr,by-nc-sa 2.0,Noel C. Hankamer,https://www.flickr.com/photos/12926199@N08/4704944065
tua_vit/a32056f2d160ba30.jpg,tua_vit,openverse:flickr,by-sa 2.0,gruntzooki,https://www.flickr.com/photos/37996580417@N01/16426907297
tua_vit/a323156683eb0919.jpg,tua_vit,wikimedia-commons,GFDL,"<a href=""//commons.wikimedia.org/wiki/User:Lucamon97"" title=""User:Lucamon97"">Lucamon97</a>",https://commons.wikimedia.org/wiki/File:Haupa_Schlitzschraubenzieher.jpg
tua_vit/a8087614cc5d9c20.jpg,tua_vit,openimages,CC BY 2.0,,
tua_vit/a91a35b63fa4c31e.jpg,tua_vit,openverse:flickr,by 2.0,toolstop,https://www.flickr.com/photos/42408834@N06/4729399991
tua_vit/ae8e6629c6eb1e44.jpg,tua_vit,wikimedia-commons,CC BY-SA 2.0 de,"<a href=""https://de.wikipedia.org/wiki/Benutzer:Smial"" class=""extiw"" title=""de:Benutzer:Smial"">Smial</a>",https://commons.wikimedia.org/wiki/File:Magnetschraubendreher_IMGP1940.jpg
tua_vit/b00d149bcf062b4c.jpg,tua_vit,wikimedia-commons,CC BY-SA 3.0,"<a href=""//commons.wikimedia.org/wiki/User:P%C3%B6njas"" title=""User:Pönjas"">Pönjas</a>",https://commons.wikimedia.org/wiki/File:Kreuzschraubendreher.JPG
tua_vit/b19ab6fc15c7303c.jpg,tua_vit,openimages,CC BY 2.0,,
tua_vit/b240e2bd049f1908.jpg,tua_vit,openimages,CC BY 2.0,,
tua_vit/b3b292e588ed01a1.jpg,tua_vit,openverse:flickr,by-nc-nd 2.0,Jo Zimny Photos,https://www.flickr.com/photos/78814955@N00/52329009929
tua_vit/b426f12f098b3446.jpg,tua_vit,openverse:flickr,by 2.0,Steve A Johnson,https://www.flickr.com/photos/14529257@N03/8116644951
tua_vit/b4f96243d008e4de.jpg,tua_vit,openverse:flickr,by-nc-sa 2.0,Pyrii,https://www.flickr.com/photos/12672067@N07/2295778733
tua_vit/b754bfa7bbda86ed.jpg,tua_vit,wikimedia-commons,CC BY-SA 4.0,"<a href=""//commons.wikimedia.org/w/index.php?title=User:Sjv30&amp;action=edit&amp;redlink=1"" class=""new"" title=""User:Sjv",https://commons.wikimedia.org/wiki/File:Obeng_2_sisi.jpg
tua_vit/b8667b1a0f61075a.jpg,tua_vit,openverse:flickr,by 2.0,edkohler,https://www.flickr.com/photos/45078337@N00/3388719700
tua_vit/b94fd22bb7a8f04c.jpg,tua_vit,openverse:flickr,by-sa 2.0,Damien Pollet,https://www.flickr.com/photos/26516928@N08/4927279882
tua_vit/b969e5cd4fc90bd4.jpg,tua_vit,openverse:flickr,by-sa 2.0,Ivy Dawned,https://www.flickr.com/photos/30264437@N02/4163507950
tua_vit/b9eb86b04c053af9.jpg,tua_vit,wikimedia-commons,CC0,"<a href=""//commons.wikimedia.org/w/index.php?title=User:A7N8X&amp;action=edit&amp;redlink=1"" class=""new"" title=""User:A7N",https://commons.wikimedia.org/wiki/File:Giravite_a_gambo_inercambiabile.jpg
tua_vit/bd600d1de9db3911.jpg,tua_vit,openverse:rawpixel,cc0 1.0,,https://www.rawpixel.com/image/6329899/image-sticker-public-domain-illustrations
tua_vit/be18e4caa4133b5f.jpg,tua_vit,wikimedia-commons,CC BY-SA 4.0,"<a href=""//commons.wikimedia.org/wiki/User:Frettie"" title=""User:Frettie"">Jiří Sedláček</a>",https://commons.wikimedia.org/wiki/File:Opened_bit_screwdriver.jpg
tua_vit/c0c2c2ac66f8c34b.jpg,tua_vit,openverse:flickr,by 2.0,Mark Turnauckas,https://www.flickr.com/photos/30329962@N08/9210334054
tua_vit/c1c1f678f5fb3374.jpg,tua_vit,openimages,CC BY 2.0,,
tua_vit/c30e6183d2e6c17b.jpg,tua_vit,openverse:flickr,by-nc-sa 2.0,Garrett Wade,https://www.flickr.com/photos/57165080@N08/5556105369
tua_vit/c440d7b4bce400ad.jpg,tua_vit,openverse:wikimedia,by-sa 4.0,Character Options,https://commons.wikimedia.org/w/index.php?curid=53978115
giua/c453883604afa64c.jpg,giua,openverse:flickr,by-nc-sa 2.0,Noel C. Hankamer,https://www.flickr.com/photos/12926199@N08/4436805035
tua_vit/cc128919e1399a29.jpg,tua_vit,wikimedia-commons,CC BY-SA 4.0,"<a href=""//commons.wikimedia.org/wiki/User:Ryse93"" class=""mw-redirect"" title=""User:Ryse93"">Ryse93</a>",https://commons.wikimedia.org/wiki/File:Mini_Phillips_screwdriver_(1).jpg
tua_vit/cc1cd15de55a9051.jpg,tua_vit,openverse:flickr,by-nc-sa 2.0,pecooper98362,https://www.flickr.com/photos/29261037@N02/52413798854
tua_vit/cc540c6a021e657c.jpg,tua_vit,openimages,CC BY 2.0,,
tua_vit/cfd5ebcac57c7f63.jpg,tua_vit,openverse:flickr,by-nc-sa 2.0,renoir_girl,https://www.flickr.com/photos/84776867@N00/2461618202
tua_vit/d07614880c9446b2.jpg,tua_vit,wikimedia-commons,CC BY-SA 3.0,,https://commons.wikimedia.org/wiki/File:Driver_tools.jpg
tua_vit/d134e47d2169fc27.jpg,tua_vit,wikimedia-commons,CC BY 4.0,"<a href=""//commons.wikimedia.org/wiki/User:R._Henrik_Nilsson"" title=""User:R. Henrik Nilsson"">R. Henrik Nilsson</a>",https://commons.wikimedia.org/wiki/File:1970s_chrome_vanadium_steel_flathead_screwdriver_by_Geilo_Verktoy_Norway.jpg
tua_vit/d2bd59cbd3104348.jpg,tua_vit,openverse:flickr,by-nc-sa 2.0,ANBerlin [Ondré],https://www.flickr.com/photos/8845484@N02/32109877401
tua_vit/d499cf2f731533ee.jpg,tua_vit,openverse:flickr,by-sa 2.0,dougward,https://www.flickr.com/photos/48600093035@N01/17597689
tua_vit/d5b065ab048c3a50.jpg,tua_vit,wikimedia-commons,Public domain,"<a href=""//commons.wikimedia.org/wiki/User:Bubblemaker_at_no"" title=""User:Bubblemaker at no"">Bubblemaker at no</a>",https://commons.wikimedia.org/wiki/File:Biltema-skrujern.jpg
kim/d946b33dbb0b45aa.jpg,kim,openverse:flickr,by 2.0,HomeSpot HQ,https://www.flickr.com/photos/86639298@N02/8559728371
tua_vit/d9fb508321272c80.jpg,tua_vit,wikimedia-commons,CC BY 2.0,"<a rel=""nofollow"" class=""external text"" href=""https://www.flickr.com/people/37996646802@N01"">cogdogblog</a>",https://commons.wikimedia.org/wiki/File:@dailyshoot-_2011-04-07-_Make_a_low_contrast_photograph_today._-ds508_(5599244731).jpg
tua_vit/da073c72e72c90f6.jpg,tua_vit,openverse:flickr,by-sa 2.0,Judah Sher,https://www.flickr.com/photos/51468759@N06/5739948503
tua_vit/da621b89da3e259c.jpg,tua_vit,openverse:flickr,by-nc-sa 2.0,adafruit,https://www.flickr.com/photos/35434449@N08/7154169789
tua_vit/dadec9c7b24fdb12.jpg,tua_vit,openimages,CC BY 2.0,,
tua_vit/dba90a3a2bfe3432.jpg,tua_vit,wikimedia-commons,CC BY-SA 4.0,"<a href=""//commons.wikimedia.org/w/index.php?title=User:Matteo_Brazzale&amp;action=edit&amp;redlink=1"" class=""new"" title",https://commons.wikimedia.org/wiki/File:CacciaviteStellaArancio.JPG
tua_vit/dd5a2e6c7dbd6b99.jpg,tua_vit,openimages,CC BY 2.0,,
tua_vit/de24505bc35aee5a.jpg,tua_vit,openimages,CC BY 2.0,,
tua_vit/de2814bc199249a3.jpg,tua_vit,wikimedia-commons,CC BY-SA 4.0,"<a href=""//commons.wikimedia.org/w/index.php?title=User:Maggie_fava&amp;action=edit&amp;redlink=1"" class=""new"" title=""Us",https://commons.wikimedia.org/wiki/File:CacciaviteTaglioRosso.JPG
tua_vit/df7b06e886555a81.jpg,tua_vit,openverse:flickr,by-nc-sa 2.0,jack72237,https://www.flickr.com/photos/24849634@N00/413993107
tua_vit/e3c815bdcd097d97.jpg,tua_vit,openverse:flickr,by-nc-sa 2.0,-po,https://www.flickr.com/photos/15245443@N00/302360126
tua_vit/e592c2b8afb17575.jpg,tua_vit,wikimedia-commons,CC BY-SA 4.0,"<a href=""//commons.wikimedia.org/wiki/User:Zunter"" title=""User:Zunter"">Santeri Viinamäki</a>",https://commons.wikimedia.org/wiki/File:Old_slotted_screwdriver.jpg
tua_vit/e59c843f918324bc.jpg,tua_vit,openverse:flickr,by 2.0,chimpwithcan,https://www.flickr.com/photos/188454520@N02/49917411631
tua_vit/e7daa0aba8c38ad6.jpg,tua_vit,openverse:flickr,by-nc-sa 2.0,adafruit,https://www.flickr.com/photos/35434449@N08/7154169873
tua_vit/e8a98842067e93bf.jpg,tua_vit,openverse:rawpixel,cc0 1.0,,https://www.rawpixel.com/image/6290779/vector-sticker-public-domain-illustrations
tua_vit/e96abc07d49d7d54.jpg,tua_vit,wikimedia-commons,CC BY-SA 4.0,"<a href=""//commons.wikimedia.org/w/index.php?title=User:Fotografproduktowy&amp;action=edit&amp;redlink=1"" class=""new"" ti",https://commons.wikimedia.org/wiki/File:Packshot_narz%C4%99dzi.jpg
tua_vit/ea2a9ea87e82908e.jpg,tua_vit,openverse:flickr,by 2.0,chimpwithcan,https://www.flickr.com/photos/188454520@N02/49917713152
tua_vit/ee1309f3427063ef.jpg,tua_vit,openverse:flickr,by-nc-nd 2.0,Larry and Laura,https://www.flickr.com/photos/31509111@N00/114940115
tua_vit/f0ffe26dd17c7ddd.jpg,tua_vit,openverse:flickr,by-nc-nd 2.0,HAMACHI!,https://www.flickr.com/photos/87284921@N00/52029829325
tua_vit/f2230eaf61f44149.jpg,tua_vit,wikimedia-commons,CC BY-SA 3.0,"<a href=""//commons.wikimedia.org/w/index.php?title=User:Nutzdatenbegleiter&amp;action=edit&amp;redlink=1"" class=""new"" ti",https://commons.wikimedia.org/wiki/File:Bithalter-wiha.jpg
tua_vit/f2985b289f804e56.jpg,tua_vit,openverse:flickr,by-sa 2.0,timsackton,https://www.flickr.com/photos/43581314@N08/7701875176
tua_vit/f44cd327dc1a3e5c.jpg,tua_vit,openverse:flickr,by 2.0,Solarbotics,https://www.flickr.com/photos/46265243@N00/7024474229
tua_vit/f55deee5cc261b49.jpg,tua_vit,openimages,CC BY 2.0,,
tua_vit/f6cded9ffd5b77cf.jpg,tua_vit,openverse:flickr,by-nc-sa 2.0,phidauex,https://www.flickr.com/photos/48134690@N00/5189138026
tua_vit/f7116d73ca95833a.jpg,tua_vit,wikimedia-commons,CC BY-SA 4.0,"<a href=""//commons.wikimedia.org/w/index.php?title=User:Andreaboribello&amp;action=edit&amp;redlink=1"" class=""new"" title",https://commons.wikimedia.org/wiki/File:Cacciavite_Pancia_Taglio.JPG
tua_vit/f71e6441de8bc29b.jpg,tua_vit,wikimedia-commons,CC BY 2.0,"<a rel=""nofollow"" class=""external text"" href=""https://www.flickr.com/people/37996646802@N01"">cogdogblog</a>",https://commons.wikimedia.org/wiki/File:2013-365-167_Dad_Held_This_Screwdriver_(9064786538).jpg
tua_vit/f8a6a3bf97bf25a8.jpg,tua_vit,wikimedia-commons,CC BY-SA 3.0,"<a href=""//commons.wikimedia.org/wiki/User:Elop"" title=""User:Elop"">User:Elop</a>",https://commons.wikimedia.org/wiki/File:Japanese_Industrial_Standard_vs_Phillips_(JIS2_vs_PH2).jpg
tua_vit/f95d80007cbfd97e.jpg,tua_vit,openverse:flickr,by-nd 2.0,Shiloh Daniel,https://www.flickr.com/photos/85372095@N04/8400341859
tua_vit/fbcd563581632082.jpg,tua_vit,openimages,CC BY 2.0,,
tua_vit/fc98efb33dd6d3fb.jpg,tua_vit,openverse:flickr,by 2.0,Public Domain Photos,https://www.flickr.com/photos/28958738@N06/4904404407
tua_vit/fcf3a0d076b94ff9.jpg,tua_vit,openverse:flickr,by 2.0,Skakerman (Archive),https://www.flickr.com/photos/27482959@N08/8656738894
tua_vit/fdfc51e16367d8be.jpg,tua_vit,wikimedia-commons,CC BY-SA 4.0,"<a href=""//commons.wikimedia.org/wiki/User:Frettie"" title=""User:Frettie"">Jiří Sedláček</a>",https://commons.wikimedia.org/wiki/File:IKEA_bit_screwdriver.jpg
tua_vit/ffadab9e968f5c5e.jpg,tua_vit,wikimedia-commons,CC BY-SA 4.0,"<a href=""//commons.wikimedia.org/w/index.php?title=User:RaquelRendo&amp;action=edit&amp;redlink=1"" class=""new"" title=""Us",https://commons.wikimedia.org/wiki/File:Aparafusadores.jpg
thuoc_la/rulers2023_0006.jpg,thuoc_la,Rulers2023,CC BY 4.0,Dalius Matuzevicius,https://doi.org/10.5281/zenodo.10276322
thuoc_la/rulers2023_0018.jpg,thuoc_la,Rulers2023,CC BY 4.0,Dalius Matuzevicius,https://doi.org/10.5281/zenodo.10276322
thuoc_la/rulers2023_0030.jpg,thuoc_la,Rulers2023,CC BY 4.0,Dalius Matuzevicius,https://doi.org/10.5281/zenodo.10276322
thuoc_la/rulers2023_0042.jpg,thuoc_la,Rulers2023,CC BY 4.0,Dalius Matuzevicius,https://doi.org/10.5281/zenodo.10276322
thuoc_la/rulers2023_0053.jpg,thuoc_la,Rulers2023,CC BY 4.0,Dalius Matuzevicius,https://doi.org/10.5281/zenodo.10276322
thuoc_la/rulers2023_0065.jpg,thuoc_la,Rulers2023,CC BY 4.0,Dalius Matuzevicius,https://doi.org/10.5281/zenodo.10276322
thuoc_la/rulers2023_0077.jpg,thuoc_la,Rulers2023,CC BY 4.0,Dalius Matuzevicius,https://doi.org/10.5281/zenodo.10276322
thuoc_la/rulers2023_0089.jpg,thuoc_la,Rulers2023,CC BY 4.0,Dalius Matuzevicius,https://doi.org/10.5281/zenodo.10276322
thuoc_la/rulers2023_0101.jpg,thuoc_la,Rulers2023,CC BY 4.0,Dalius Matuzevicius,https://doi.org/10.5281/zenodo.10276322
thuoc_la/rulers2023_0113.jpg,thuoc_la,Rulers2023,CC BY 4.0,Dalius Matuzevicius,https://doi.org/10.5281/zenodo.10276322
thuoc_la/rulers2023_0125.jpg,thuoc_la,Rulers2023,CC BY 4.0,Dalius Matuzevicius,https://doi.org/10.5281/zenodo.10276322
thuoc_la/rulers2023_0137.jpg,thuoc_la,Rulers2023,CC BY 4.0,Dalius Matuzevicius,https://doi.org/10.5281/zenodo.10276322
thuoc_la/rulers2023_0149.jpg,thuoc_la,Rulers2023,CC BY 4.0,Dalius Matuzevicius,https://doi.org/10.5281/zenodo.10276322
thuoc_la/rulers2023_0160.jpg,thuoc_la,Rulers2023,CC BY 4.0,Dalius Matuzevicius,https://doi.org/10.5281/zenodo.10276322
thuoc_la/rulers2023_0172.jpg,thuoc_la,Rulers2023,CC BY 4.0,Dalius Matuzevicius,https://doi.org/10.5281/zenodo.10276322
thuoc_la/rulers2023_0184.jpg,thuoc_la,Rulers2023,CC BY 4.0,Dalius Matuzevicius,https://doi.org/10.5281/zenodo.10276322
thuoc_la/rulers2023_0196.jpg,thuoc_la,Rulers2023,CC BY 4.0,Dalius Matuzevicius,https://doi.org/10.5281/zenodo.10276322
thuoc_la/rulers2023_0208.jpg,thuoc_la,Rulers2023,CC BY 4.0,Dalius Matuzevicius,https://doi.org/10.5281/zenodo.10276322
thuoc_la/rulers2023_0220.jpg,thuoc_la,Rulers2023,CC BY 4.0,Dalius Matuzevicius,https://doi.org/10.5281/zenodo.10276322
thuoc_la/rulers2023_0232.jpg,thuoc_la,Rulers2023,CC BY 4.0,Dalius Matuzevicius,https://doi.org/10.5281/zenodo.10276322
thuoc_la/rulers2023_0244.jpg,thuoc_la,Rulers2023,CC BY 4.0,Dalius Matuzevicius,https://doi.org/10.5281/zenodo.10276322
thuoc_la/rulers2023_0255.jpg,thuoc_la,Rulers2023,CC BY 4.0,Dalius Matuzevicius,https://doi.org/10.5281/zenodo.10276322
thuoc_la/rulers2023_0267.jpg,thuoc_la,Rulers2023,CC BY 4.0,Dalius Matuzevicius,https://doi.org/10.5281/zenodo.10276322
thuoc_la/rulers2023_0279.jpg,thuoc_la,Rulers2023,CC BY 4.0,Dalius Matuzevicius,https://doi.org/10.5281/zenodo.10276322
thuoc_la/rulers2023_0291.jpg,thuoc_la,Rulers2023,CC BY 4.0,Dalius Matuzevicius,https://doi.org/10.5281/zenodo.10276322
thuoc_la/rulers2023_0303.jpg,thuoc_la,Rulers2023,CC BY 4.0,Dalius Matuzevicius,https://doi.org/10.5281/zenodo.10276322
thuoc_la/rulers2023_0315.jpg,thuoc_la,Rulers2023,CC BY 4.0,Dalius Matuzevicius,https://doi.org/10.5281/zenodo.10276322
thuoc_la/rulers2023_0327.jpg,thuoc_la,Rulers2023,CC BY 4.0,Dalius Matuzevicius,https://doi.org/10.5281/zenodo.10276322
thuoc_la/rulers2023_0339.jpg,thuoc_la,Rulers2023,CC BY 4.0,Dalius Matuzevicius,https://doi.org/10.5281/zenodo.10276322
thuoc_la/rulers2023_0350.jpg,thuoc_la,Rulers2023,CC BY 4.0,Dalius Matuzevicius,https://doi.org/10.5281/zenodo.10276322
thuoc_la/rulers2023_0362.jpg,thuoc_la,Rulers2023,CC BY 4.0,Dalius Matuzevicius,https://doi.org/10.5281/zenodo.10276322
thuoc_la/rulers2023_0374.jpg,thuoc_la,Rulers2023,CC BY 4.0,Dalius Matuzevicius,https://doi.org/10.5281/zenodo.10276322
thuoc_la/rulers2023_0386.jpg,thuoc_la,Rulers2023,CC BY 4.0,Dalius Matuzevicius,https://doi.org/10.5281/zenodo.10276322
thuoc_la/rulers2023_0398.jpg,thuoc_la,Rulers2023,CC BY 4.0,Dalius Matuzevicius,https://doi.org/10.5281/zenodo.10276322
thuoc_la/rulers2023_0410.jpg,thuoc_la,Rulers2023,CC BY 4.0,Dalius Matuzevicius,https://doi.org/10.5281/zenodo.10276322
thuoc_la/rulers2023_0422.jpg,thuoc_la,Rulers2023,CC BY 4.0,Dalius Matuzevicius,https://doi.org/10.5281/zenodo.10276322
thuoc_la/rulers2023_0434.jpg,thuoc_la,Rulers2023,CC BY 4.0,Dalius Matuzevicius,https://doi.org/10.5281/zenodo.10276322
thuoc_la/rulers2023_0446.jpg,thuoc_la,Rulers2023,CC BY 4.0,Dalius Matuzevicius,https://doi.org/10.5281/zenodo.10276322
thuoc_la/rulers2023_0457.jpg,thuoc_la,Rulers2023,CC BY 4.0,Dalius Matuzevicius,https://doi.org/10.5281/zenodo.10276322
thuoc_la/rulers2023_0469.jpg,thuoc_la,Rulers2023,CC BY 4.0,Dalius Matuzevicius,https://doi.org/10.5281/zenodo.10276322
thuoc_la/rulers2023_0481.jpg,thuoc_la,Rulers2023,CC BY 4.0,Dalius Matuzevicius,https://doi.org/10.5281/zenodo.10276322
thuoc_la/rulers2023_0493.jpg,thuoc_la,Rulers2023,CC BY 4.0,Dalius Matuzevicius,https://doi.org/10.5281/zenodo.10276322
thuoc_la/rulers2023_0505.jpg,thuoc_la,Rulers2023,CC BY 4.0,Dalius Matuzevicius,https://doi.org/10.5281/zenodo.10276322
thuoc_la/rulers2023_0517.jpg,thuoc_la,Rulers2023,CC BY 4.0,Dalius Matuzevicius,https://doi.org/10.5281/zenodo.10276322
thuoc_la/rulers2023_0529.jpg,thuoc_la,Rulers2023,CC BY 4.0,Dalius Matuzevicius,https://doi.org/10.5281/zenodo.10276322
thuoc_la/rulers2023_0541.jpg,thuoc_la,Rulers2023,CC BY 4.0,Dalius Matuzevicius,https://doi.org/10.5281/zenodo.10276322
thuoc_la/rulers2023_0552.jpg,thuoc_la,Rulers2023,CC BY 4.0,Dalius Matuzevicius,https://doi.org/10.5281/zenodo.10276322
thuoc_la/rulers2023_0564.jpg,thuoc_la,Rulers2023,CC BY 4.0,Dalius Matuzevicius,https://doi.org/10.5281/zenodo.10276322
thuoc_la/rulers2023_0576.jpg,thuoc_la,Rulers2023,CC BY 4.0,Dalius Matuzevicius,https://doi.org/10.5281/zenodo.10276322
thuoc_la/rulers2023_0588.jpg,thuoc_la,Rulers2023,CC BY 4.0,Dalius Matuzevicius,https://doi.org/10.5281/zenodo.10276322
thuoc_la/rulers2023_0600.jpg,thuoc_la,Rulers2023,CC BY 4.0,Dalius Matuzevicius,https://doi.org/10.5281/zenodo.10276322
thuoc_la/rulers2023_0612.jpg,thuoc_la,Rulers2023,CC BY 4.0,Dalius Matuzevicius,https://doi.org/10.5281/zenodo.10276322
thuoc_la/rulers2023_0624.jpg,thuoc_la,Rulers2023,CC BY 4.0,Dalius Matuzevicius,https://doi.org/10.5281/zenodo.10276322
thuoc_la/rulers2023_0636.jpg,thuoc_la,Rulers2023,CC BY 4.0,Dalius Matuzevicius,https://doi.org/10.5281/zenodo.10276322
thuoc_la/rulers2023_0648.jpg,thuoc_la,Rulers2023,CC BY 4.0,Dalius Matuzevicius,https://doi.org/10.5281/zenodo.10276322
thuoc_la/rulers2023_0659.jpg,thuoc_la,Rulers2023,CC BY 4.0,Dalius Matuzevicius,https://doi.org/10.5281/zenodo.10276322
thuoc_la/rulers2023_0671.jpg,thuoc_la,Rulers2023,CC BY 4.0,Dalius Matuzevicius,https://doi.org/10.5281/zenodo.10276322
thuoc_la/rulers2023_0683.jpg,thuoc_la,Rulers2023,CC BY 4.0,Dalius Matuzevicius,https://doi.org/10.5281/zenodo.10276322
thuoc_la/rulers2023_0695.jpg,thuoc_la,Rulers2023,CC BY 4.0,Dalius Matuzevicius,https://doi.org/10.5281/zenodo.10276322
thuoc_la/rulers2023_0707.jpg,thuoc_la,Rulers2023,CC BY 4.0,Dalius Matuzevicius,https://doi.org/10.5281/zenodo.10276322
thuoc_la/rulers2023_0719.jpg,thuoc_la,Rulers2023,CC BY 4.0,Dalius Matuzevicius,https://doi.org/10.5281/zenodo.10276322
thuoc_la/rulers2023_0731.jpg,thuoc_la,Rulers2023,CC BY 4.0,Dalius Matuzevicius,https://doi.org/10.5281/zenodo.10276322
thuoc_la/rulers2023_0743.jpg,thuoc_la,Rulers2023,CC BY 4.0,Dalius Matuzevicius,https://doi.org/10.5281/zenodo.10276322
thuoc_la/rulers2023_0754.jpg,thuoc_la,Rulers2023,CC BY 4.0,Dalius Matuzevicius,https://doi.org/10.5281/zenodo.10276322
thuoc_la/rulers2023_0766.jpg,thuoc_la,Rulers2023,CC BY 4.0,Dalius Matuzevicius,https://doi.org/10.5281/zenodo.10276322
thuoc_la/rulers2023_0778.jpg,thuoc_la,Rulers2023,CC BY 4.0,Dalius Matuzevicius,https://doi.org/10.5281/zenodo.10276322
thuoc_la/rulers2023_0790.jpg,thuoc_la,Rulers2023,CC BY 4.0,Dalius Matuzevicius,https://doi.org/10.5281/zenodo.10276322
thuoc_la/rulers2023_0802.jpg,thuoc_la,Rulers2023,CC BY 4.0,Dalius Matuzevicius,https://doi.org/10.5281/zenodo.10276322
thuoc_la/rulers2023_0814.jpg,thuoc_la,Rulers2023,CC BY 4.0,Dalius Matuzevicius,https://doi.org/10.5281/zenodo.10276322
thuoc_la/rulers2023_0826.jpg,thuoc_la,Rulers2023,CC BY 4.0,Dalius Matuzevicius,https://doi.org/10.5281/zenodo.10276322
thuoc_la/rulers2023_0838.jpg,thuoc_la,Rulers2023,CC BY 4.0,Dalius Matuzevicius,https://doi.org/10.5281/zenodo.10276322
thuoc_la/rulers2023_0850.jpg,thuoc_la,Rulers2023,CC BY 4.0,Dalius Matuzevicius,https://doi.org/10.5281/zenodo.10276322
thuoc_la/rulers2023_0861.jpg,thuoc_la,Rulers2023,CC BY 4.0,Dalius Matuzevicius,https://doi.org/10.5281/zenodo.10276322
thuoc_la/rulers2023_0873.jpg,thuoc_la,Rulers2023,CC BY 4.0,Dalius Matuzevicius,https://doi.org/10.5281/zenodo.10276322
thuoc_la/rulers2023_0885.jpg,thuoc_la,Rulers2023,CC BY 4.0,Dalius Matuzevicius,https://doi.org/10.5281/zenodo.10276322
thuoc_la/rulers2023_0897.jpg,thuoc_la,Rulers2023,CC BY 4.0,Dalius Matuzevicius,https://doi.org/10.5281/zenodo.10276322
thuoc_la/rulers2023_0909.jpg,thuoc_la,Rulers2023,CC BY 4.0,Dalius Matuzevicius,https://doi.org/10.5281/zenodo.10276322
thuoc_la/rulers2023_0921.jpg,thuoc_la,Rulers2023,CC BY 4.0,Dalius Matuzevicius,https://doi.org/10.5281/zenodo.10276322
thuoc_la/rulers2023_0933.jpg,thuoc_la,Rulers2023,CC BY 4.0,Dalius Matuzevicius,https://doi.org/10.5281/zenodo.10276322
thuoc_la/rulers2023_0945.jpg,thuoc_la,Rulers2023,CC BY 4.0,Dalius Matuzevicius,https://doi.org/10.5281/zenodo.10276322
thuoc_la/rulers2023_0956.jpg,thuoc_la,Rulers2023,CC BY 4.0,Dalius Matuzevicius,https://doi.org/10.5281/zenodo.10276322
thuoc_la/rulers2023_0968.jpg,thuoc_la,Rulers2023,CC BY 4.0,Dalius Matuzevicius,https://doi.org/10.5281/zenodo.10276322
thuoc_la/rulers2023_0980.jpg,thuoc_la,Rulers2023,CC BY 4.0,Dalius Matuzevicius,https://doi.org/10.5281/zenodo.10276322
thuoc_la/rulers2023_0992.jpg,thuoc_la,Rulers2023,CC BY 4.0,Dalius Matuzevicius,https://doi.org/10.5281/zenodo.10276322
thuoc_la/rulers2023_1004.jpg,thuoc_la,Rulers2023,CC BY 4.0,Dalius Matuzevicius,https://doi.org/10.5281/zenodo.10276322
thuoc_la/rulers2023_1016.jpg,thuoc_la,Rulers2023,CC BY 4.0,Dalius Matuzevicius,https://doi.org/10.5281/zenodo.10276322
thuoc_la/rulers2023_1028.jpg,thuoc_la,Rulers2023,CC BY 4.0,Dalius Matuzevicius,https://doi.org/10.5281/zenodo.10276322
thuoc_la/rulers2023_1040.jpg,thuoc_la,Rulers2023,CC BY 4.0,Dalius Matuzevicius,https://doi.org/10.5281/zenodo.10276322
thuoc_la/rulers2023_1051.jpg,thuoc_la,Rulers2023,CC BY 4.0,Dalius Matuzevicius,https://doi.org/10.5281/zenodo.10276322
thuoc_la/rulers2023_1063.jpg,thuoc_la,Rulers2023,CC BY 4.0,Dalius Matuzevicius,https://doi.org/10.5281/zenodo.10276322
thuoc_la/rulers2023_1075.jpg,thuoc_la,Rulers2023,CC BY 4.0,Dalius Matuzevicius,https://doi.org/10.5281/zenodo.10276322
thuoc_la/rulers2023_1087.jpg,thuoc_la,Rulers2023,CC BY 4.0,Dalius Matuzevicius,https://doi.org/10.5281/zenodo.10276322
thuoc_la/rulers2023_1099.jpg,thuoc_la,Rulers2023,CC BY 4.0,Dalius Matuzevicius,https://doi.org/10.5281/zenodo.10276322
thuoc_la/rulers2023_1111.jpg,thuoc_la,Rulers2023,CC BY 4.0,Dalius Matuzevicius,https://doi.org/10.5281/zenodo.10276322
thuoc_la/rulers2023_1123.jpg,thuoc_la,Rulers2023,CC BY 4.0,Dalius Matuzevicius,https://doi.org/10.5281/zenodo.10276322
thuoc_la/rulers2023_1135.jpg,thuoc_la,Rulers2023,CC BY 4.0,Dalius Matuzevicius,https://doi.org/10.5281/zenodo.10276322
thuoc_la/rulers2023_1147.jpg,thuoc_la,Rulers2023,CC BY 4.0,Dalius Matuzevicius,https://doi.org/10.5281/zenodo.10276322
thuoc_la/rulers2023_1158.jpg,thuoc_la,Rulers2023,CC BY 4.0,Dalius Matuzevicius,https://doi.org/10.5281/zenodo.10276322
thuoc_la/rulers2023_1170.jpg,thuoc_la,Rulers2023,CC BY 4.0,Dalius Matuzevicius,https://doi.org/10.5281/zenodo.10276322
thuoc_la/rulers2023_1182.jpg,thuoc_la,Rulers2023,CC BY 4.0,Dalius Matuzevicius,https://doi.org/10.5281/zenodo.10276322
thuoc_la/rulers2023_1194.jpg,thuoc_la,Rulers2023,CC BY 4.0,Dalius Matuzevicius,https://doi.org/10.5281/zenodo.10276322
thuoc_la/rulers2023_1206.jpg,thuoc_la,Rulers2023,CC BY 4.0,Dalius Matuzevicius,https://doi.org/10.5281/zenodo.10276322
thuoc_la/rulers2023_1218.jpg,thuoc_la,Rulers2023,CC BY 4.0,Dalius Matuzevicius,https://doi.org/10.5281/zenodo.10276322
thuoc_la/rulers2023_1230.jpg,thuoc_la,Rulers2023,CC BY 4.0,Dalius Matuzevicius,https://doi.org/10.5281/zenodo.10276322
thuoc_la/rulers2023_1242.jpg,thuoc_la,Rulers2023,CC BY 4.0,Dalius Matuzevicius,https://doi.org/10.5281/zenodo.10276322
thuoc_la/rulers2023_1253.jpg,thuoc_la,Rulers2023,CC BY 4.0,Dalius Matuzevicius,https://doi.org/10.5281/zenodo.10276322
thuoc_la/rulers2023_1265.jpg,thuoc_la,Rulers2023,CC BY 4.0,Dalius Matuzevicius,https://doi.org/10.5281/zenodo.10276322
thuoc_la/rulers2023_1277.jpg,thuoc_la,Rulers2023,CC BY 4.0,Dalius Matuzevicius,https://doi.org/10.5281/zenodo.10276322
thuoc_la/rulers2023_1289.jpg,thuoc_la,Rulers2023,CC BY 4.0,Dalius Matuzevicius,https://doi.org/10.5281/zenodo.10276322
thuoc_la/rulers2023_1301.jpg,thuoc_la,Rulers2023,CC BY 4.0,Dalius Matuzevicius,https://doi.org/10.5281/zenodo.10276322
thuoc_la/rulers2023_1313.jpg,thuoc_la,Rulers2023,CC BY 4.0,Dalius Matuzevicius,https://doi.org/10.5281/zenodo.10276322
thuoc_la/rulers2023_1325.jpg,thuoc_la,Rulers2023,CC BY 4.0,Dalius Matuzevicius,https://doi.org/10.5281/zenodo.10276322
thuoc_la/rulers2023_1337.jpg,thuoc_la,Rulers2023,CC BY 4.0,Dalius Matuzevicius,https://doi.org/10.5281/zenodo.10276322
thuoc_la/rulers2023_1349.jpg,thuoc_la,Rulers2023,CC BY 4.0,Dalius Matuzevicius,https://doi.org/10.5281/zenodo.10276322
thuoc_la/rulers2023_1360.jpg,thuoc_la,Rulers2023,CC BY 4.0,Dalius Matuzevicius,https://doi.org/10.5281/zenodo.10276322
thuoc_la/rulers2023_1372.jpg,thuoc_la,Rulers2023,CC BY 4.0,Dalius Matuzevicius,https://doi.org/10.5281/zenodo.10276322
thuoc_la/rulers2023_1384.jpg,thuoc_la,Rulers2023,CC BY 4.0,Dalius Matuzevicius,https://doi.org/10.5281/zenodo.10276322
thuoc_la/rulers2023_1396.jpg,thuoc_la,Rulers2023,CC BY 4.0,Dalius Matuzevicius,https://doi.org/10.5281/zenodo.10276322
thuoc_la/rulers2023_1408.jpg,thuoc_la,Rulers2023,CC BY 4.0,Dalius Matuzevicius,https://doi.org/10.5281/zenodo.10276322
thuoc_la/rulers2023_1420.jpg,thuoc_la,Rulers2023,CC BY 4.0,Dalius Matuzevicius,https://doi.org/10.5281/zenodo.10276322
thuoc_la/rulers2023_1432.jpg,thuoc_la,Rulers2023,CC BY 4.0,Dalius Matuzevicius,https://doi.org/10.5281/zenodo.10276322
thuoc_la/rulers2023_1444.jpg,thuoc_la,Rulers2023,CC BY 4.0,Dalius Matuzevicius,https://doi.org/10.5281/zenodo.10276322
thuoc_la/rulers2023_1455.jpg,thuoc_la,Rulers2023,CC BY 4.0,Dalius Matuzevicius,https://doi.org/10.5281/zenodo.10276322
thuoc_la/rulers2023_1467.jpg,thuoc_la,Rulers2023,CC BY 4.0,Dalius Matuzevicius,https://doi.org/10.5281/zenodo.10276322
thuoc_la/rulers2023_1479.jpg,thuoc_la,Rulers2023,CC BY 4.0,Dalius Matuzevicius,https://doi.org/10.5281/zenodo.10276322
thuoc_la/rulers2023_1491.jpg,thuoc_la,Rulers2023,CC BY 4.0,Dalius Matuzevicius,https://doi.org/10.5281/zenodo.10276322
thuoc_la/rulers2023_1503.jpg,thuoc_la,Rulers2023,CC BY 4.0,Dalius Matuzevicius,https://doi.org/10.5281/zenodo.10276322
thuoc_la/rulers2023_1515.jpg,thuoc_la,Rulers2023,CC BY 4.0,Dalius Matuzevicius,https://doi.org/10.5281/zenodo.10276322
thuoc_la/rulers2023_1527.jpg,thuoc_la,Rulers2023,CC BY 4.0,Dalius Matuzevicius,https://doi.org/10.5281/zenodo.10276322
thuoc_la/rulers2023_1539.jpg,thuoc_la,Rulers2023,CC BY 4.0,Dalius Matuzevicius,https://doi.org/10.5281/zenodo.10276322
thuoc_la/rulers2023_1551.jpg,thuoc_la,Rulers2023,CC BY 4.0,Dalius Matuzevicius,https://doi.org/10.5281/zenodo.10276322
thuoc_la/rulers2023_1562.jpg,thuoc_la,Rulers2023,CC BY 4.0,Dalius Matuzevicius,https://doi.org/10.5281/zenodo.10276322
thuoc_la/rulers2023_1574.jpg,thuoc_la,Rulers2023,CC BY 4.0,Dalius Matuzevicius,https://doi.org/10.5281/zenodo.10276322
thuoc_la/rulers2023_1586.jpg,thuoc_la,Rulers2023,CC BY 4.0,Dalius Matuzevicius,https://doi.org/10.5281/zenodo.10276322
thuoc_la/rulers2023_1598.jpg,thuoc_la,Rulers2023,CC BY 4.0,Dalius Matuzevicius,https://doi.org/10.5281/zenodo.10276322
thuoc_la/rulers2023_1610.jpg,thuoc_la,Rulers2023,CC BY 4.0,Dalius Matuzevicius,https://doi.org/10.5281/zenodo.10276322
thuoc_la/rulers2023_1622.jpg,thuoc_la,Rulers2023,CC BY 4.0,Dalius Matuzevicius,https://doi.org/10.5281/zenodo.10276322
thuoc_la/rulers2023_1634.jpg,thuoc_la,Rulers2023,CC BY 4.0,Dalius Matuzevicius,https://doi.org/10.5281/zenodo.10276322
thuoc_la/rulers2023_1646.jpg,thuoc_la,Rulers2023,CC BY 4.0,Dalius Matuzevicius,https://doi.org/10.5281/zenodo.10276322
thuoc_la/rulers2023_1657.jpg,thuoc_la,Rulers2023,CC BY 4.0,Dalius Matuzevicius,https://doi.org/10.5281/zenodo.10276322
thuoc_la/rulers2023_1669.jpg,thuoc_la,Rulers2023,CC BY 4.0,Dalius Matuzevicius,https://doi.org/10.5281/zenodo.10276322
thuoc_la/rulers2023_1681.jpg,thuoc_la,Rulers2023,CC BY 4.0,Dalius Matuzevicius,https://doi.org/10.5281/zenodo.10276322
thuoc_la/rulers2023_1693.jpg,thuoc_la,Rulers2023,CC BY 4.0,Dalius Matuzevicius,https://doi.org/10.5281/zenodo.10276322
thuoc_la/rulers2023_1705.jpg,thuoc_la,Rulers2023,CC BY 4.0,Dalius Matuzevicius,https://doi.org/10.5281/zenodo.10276322
thuoc_la/rulers2023_1717.jpg,thuoc_la,Rulers2023,CC BY 4.0,Dalius Matuzevicius,https://doi.org/10.5281/zenodo.10276322
thuoc_la/rulers2023_1729.jpg,thuoc_la,Rulers2023,CC BY 4.0,Dalius Matuzevicius,https://doi.org/10.5281/zenodo.10276322
thuoc_la/rulers2023_1741.jpg,thuoc_la,Rulers2023,CC BY 4.0,Dalius Matuzevicius,https://doi.org/10.5281/zenodo.10276322
thuoc_la/rulers2023_1752.jpg,thuoc_la,Rulers2023,CC BY 4.0,Dalius Matuzevicius,https://doi.org/10.5281/zenodo.10276322
thuoc_la/rulers2023_1764.jpg,thuoc_la,Rulers2023,CC BY 4.0,Dalius Matuzevicius,https://doi.org/10.5281/zenodo.10276322
thuoc_la/rulers2023_1776.jpg,thuoc_la,Rulers2023,CC BY 4.0,Dalius Matuzevicius,https://doi.org/10.5281/zenodo.10276322
thuoc_la/rulers2023_1788.jpg,thuoc_la,Rulers2023,CC BY 4.0,Dalius Matuzevicius,https://doi.org/10.5281/zenodo.10276322
thuoc_la/rulers2023_1800.jpg,thuoc_la,Rulers2023,CC BY 4.0,Dalius Matuzevicius,https://doi.org/10.5281/zenodo.10276322
thuoc_la/rulers2023_1812.jpg,thuoc_la,Rulers2023,CC BY 4.0,Dalius Matuzevicius,https://doi.org/10.5281/zenodo.10276322
thuoc_la/rulers2023_1824.jpg,thuoc_la,Rulers2023,CC BY 4.0,Dalius Matuzevicius,https://doi.org/10.5281/zenodo.10276322
thuoc_la/rulers2023_1836.jpg,thuoc_la,Rulers2023,CC BY 4.0,Dalius Matuzevicius,https://doi.org/10.5281/zenodo.10276322
thuoc_la/rulers2023_1848.jpg,thuoc_la,Rulers2023,CC BY 4.0,Dalius Matuzevicius,https://doi.org/10.5281/zenodo.10276322
thuoc_la/rulers2023_1859.jpg,thuoc_la,Rulers2023,CC BY 4.0,Dalius Matuzevicius,https://doi.org/10.5281/zenodo.10276322
thuoc_la/rulers2023_1871.jpg,thuoc_la,Rulers2023,CC BY 4.0,Dalius Matuzevicius,https://doi.org/10.5281/zenodo.10276322
thuoc_la/rulers2023_1883.jpg,thuoc_la,Rulers2023,CC BY 4.0,Dalius Matuzevicius,https://doi.org/10.5281/zenodo.10276322
thuoc_la/rulers2023_1895.jpg,thuoc_la,Rulers2023,CC BY 4.0,Dalius Matuzevicius,https://doi.org/10.5281/zenodo.10276322
thuoc_la/openverse_003.jpg,thuoc_la,openverse:flickr,by 2.0,chimpwithcan,https://www.flickr.com/photos/188454520@N02/49902676452
thuoc_la/openverse_029.jpg,thuoc_la,openverse:flickr,by 2.0,ognjen.odobasic,https://www.flickr.com/photos/30393289@N05/5283403509
thuoc_la/openverse_048.jpg,thuoc_la,openverse:flickr,by 2.0,mechnine,https://www.flickr.com/photos/45582840@N05/4980945543
thuoc_la/openverse_085.jpg,thuoc_la,openverse:flickr,by 2.0,psd,https://www.flickr.com/photos/45581782@N00/3933071081
thuoc_la/openverse_087.jpg,thuoc_la,openverse:flickr,by 2.0,MrMilburn,https://www.flickr.com/photos/129209751@N07/15765166372
thuoc_la/openverse_093.jpg,thuoc_la,openverse:flickr,by 2.0,edinburghcityofprint,https://www.flickr.com/photos/30239838@N04/4266441984
